driver_id,race_length,year,compound,stint_start_lap,tyre_life,is_valid
VER,5.412,2022,SOFT,1.0,17.0,1
VER,5.412,2022,SOFT,15.0,16.0,1
VER,5.412,2022,MEDIUM,31.0,13.0,1
GAS,5.412,2022,SOFT,44.0,14.0,1
GAS,5.412,2022,SOFT,1.0,17.0,1
GAS,5.412,2022,MEDIUM,15.0,18.0,1
PER,5.412,2022,SOFT,1.0,18.0,1
PER,5.412,2022,MEDIUM,16.0,18.0,1
PER,5.412,2022,SOFT,34.0,13.0,1
ALO,5.412,2022,SOFT,44.0,17.0,1
ALO,5.412,2022,SOFT,1.0,14.0,1
ALO,5.412,2022,MEDIUM,12.0,14.0,1
LEC,5.412,2022,SOFT,43.0,15.0,1
LEC,5.412,2022,SOFT,1.0,15.0,1
LEC,5.412,2022,SOFT,16.0,19.0,1
LEC,5.412,2022,MEDIUM,32.0,15.0,1
STR,5.412,2022,SOFT,47.0,14.0,1
STR,5.412,2022,SOFT,1.0,18.0,1
STR,5.412,2022,SOFT,19.0,20.0,1
MAG,5.412,2022,SOFT,46.0,12.0,1
MAG,5.412,2022,SOFT,1.0,14.0,1
MAG,5.412,2022,SOFT,15.0,23.0,1
MAG,5.412,2022,MEDIUM,35.0,12.0,1
TSU,5.412,2022,SOFT,47.0,14.0,1
TSU,5.412,2022,SOFT,1.0,15.0,1
TSU,5.412,2022,MEDIUM,16.0,14.0,1
TSU,5.412,2022,SOFT,30.0,15.0,1
ALB,5.412,2022,SOFT,45.0,16.0,1
ALB,5.412,2022,SOFT,1.0,13.0,1
ALB,5.412,2022,MEDIUM,14.0,22.0,1
ALB,5.412,2022,MEDIUM,36.0,13.0,1
ZHO,5.412,2022,SOFT,47.0,14.0,1
ZHO,5.412,2022,SOFT,1.0,15.0,1
ZHO,5.412,2022,MEDIUM,16.0,22.0,1
HUL,5.412,2022,SOFT,46.0,15.0,1
HUL,5.412,2022,SOFT,1.0,19.0,1
HUL,5.412,2022,SOFT,20.0,18.0,1
RIC,5.412,2022,SOFT,45.0,13.0,1
RIC,5.412,2022,MEDIUM,1.0,17.0,1
RIC,5.412,2022,SOFT,18.0,16.0,1
OCO,5.412,2022,SOFT,45.0,13.0,1
OCO,5.412,2022,SOFT,1.0,14.0,1
OCO,5.412,2022,MEDIUM,15.0,16.0,1
NOR,5.412,2022,SOFT,44.0,17.0,1
NOR,5.412,2022,MEDIUM,1.0,24.0,1
HAM,5.412,2022,SOFT,46.0,15.0,1
HAM,5.412,2022,SOFT,1.0,13.0,1
HAM,5.412,2022,MEDIUM,28.0,17.0,1
MSC,5.412,2022,SOFT,45.0,16.0,1
MSC,5.412,2022,SOFT,1.0,12.0,1
MSC,5.412,2022,MEDIUM,13.0,23.0,1
SAI,5.412,2022,SOFT,36.0,24.0,1
SAI,5.412,2022,SOFT,1.0,17.0,1
SAI,5.412,2022,SOFT,15.0,19.0,1
LAT,5.412,2022,SOFT,45.0,16.0,1
LAT,5.412,2022,SOFT,1.0,14.0,1
LAT,5.412,2022,SOFT,15.0,18.0,1
LAT,5.412,2022,MEDIUM,33.0,13.0,1
RUS,5.412,2022,SOFT,46.0,15.0,1
RUS,5.412,2022,SOFT,1.0,18.0,1
RUS,5.412,2022,HARD,16.0,19.0,1
RUS,5.412,2022,MEDIUM,34.0,12.0,1
BOT,5.412,2022,SOFT,46.0,14.0,1
BOT,5.412,2022,SOFT,1.0,17.0,1
BOT,5.412,2022,MEDIUM,15.0,22.0,1
VER,6.174,2022,MEDIUM,1.0,16.0,1
GAS,6.174,2022,HARD,17.0,34.0,1
GAS,6.174,2022,MEDIUM,1.0,15.0,1
PER,6.174,2022,HARD,16.0,35.0,1
PER,6.174,2022,MEDIUM,1.0,15.0,1
ALO,6.174,2022,HARD,16.0,35.0,1
ALO,6.174,2022,MEDIUM,1.0,16.0,1
LEC,6.174,2022,HARD,17.0,20.0,1
LEC,6.174,2022,MEDIUM,1.0,16.0,1
STR,6.174,2022,HARD,17.0,34.0,1
STR,6.174,2022,MEDIUM,1.0,14.0,1
MAG,6.174,2022,HARD,14.0,37.0,1
MAG,6.174,2022,HARD,1.0,39.0,1
ALB,6.174,2022,MEDIUM,38.0,15.0,1
ALB,6.174,2022,MEDIUM,1.0,13.0,1
ZHO,6.174,2022,HARD,14.0,35.0,1
ZHO,6.174,2022,MEDIUM,1.0,16.0,1
HUL,6.174,2022,HARD,17.0,34.0,1
HUL,6.174,2022,HARD,1.0,38.0,1
RIC,6.174,2022,MEDIUM,38.0,14.0,1
OCO,6.174,2022,HARD,9.0,28.0,1
OCO,6.174,2022,MEDIUM,1.0,16.0,1
NOR,6.174,2022,HARD,17.0,34.0,1
NOR,6.174,2022,MEDIUM,1.0,16.0,1
HAM,6.174,2022,HARD,17.0,34.0,1
HAM,6.174,2022,HARD,1.0,41.0,1
SAI,6.174,2022,MEDIUM,1.0,16.0,1
LAT,6.174,2022,HARD,17.0,34.0,1
RUS,6.174,2022,MEDIUM,1.0,15.0,1
RUS,6.174,2022,MEDIUM,1.0,16.0,1
BOT,6.174,2022,HARD,17.0,34.0,1
BOT,6.174,2022,MEDIUM,1.0,16.0,1
BOT,6.174,2022,HARD,17.0,19.0,1
VER,5.278,2022,MEDIUM,1.0,18.0,1
GAS,5.278,2022,HARD,19.0,21.0,1
GAS,5.278,2022,MEDIUM,1.0,21.0,1
PER,5.278,2022,HARD,22.0,37.0,1
PER,5.278,2022,MEDIUM,1.0,20.0,1
ALO,5.278,2022,HARD,21.0,38.0,1
ALO,5.278,2022,HARD,1.0,39.0,1
ALO,5.278,2022,MEDIUM,40.0,14.0,1
LEC,5.278,2022,MEDIUM,1.0,22.0,1
STR,5.278,2022,HARD,23.0,36.0,1
STR,5.278,2022,HARD,5.0,19.0,1
MAG,5.278,2022,HARD,24.0,39.0,1
MAG,5.278,2022,HARD,1.0,39.0,1
TSU,5.278,2022,MEDIUM,40.0,20.0,1
TSU,5.278,2022,MEDIUM,1.0,18.0,1
ALB,5.278,2022,HARD,19.0,39.0,1
ZHO,5.278,2022,MEDIUM,1.0,21.0,1
RIC,5.278,2022,HARD,22.0,37.0,1
RIC,5.278,2022,MEDIUM,1.0,21.0,1
OCO,5.278,2022,HARD,22.0,37.0,1
OCO,5.278,2022,MEDIUM,1.0,17.0,1
NOR,5.278,2022,HARD,18.0,41.0,1
NOR,5.278,2022,MEDIUM,1.0,20.0,1
HAM,5.278,2022,HARD,21.0,38.0,1
HAM,5.278,2022,MEDIUM,1.0,22.0,1
MSC,5.278,2022,HARD,23.0,36.0,1
MSC,5.278,2022,MEDIUM,1.0,16.0,1
VET,5.278,2022,HARD,15.0,43.0,1
SAI,5.278,2022,HARD,1.0,24.0,1
LAT,5.278,2022,MEDIUM,1.0,13.0,1
RUS,5.278,2022,HARD,24.0,34.0,1
RUS,5.278,2022,MEDIUM,1.0,23.0,1
BOT,5.278,2022,HARD,24.0,35.0,1
BOT,5.278,2022,MEDIUM,1.0,22.0,1
VER,4.909,2022,MEDIUM,20.0,32.0,1
PER,4.909,2022,SOFT,52.0,12.0,1
PER,4.909,2022,MEDIUM,19.0,32.0,1
NOR,4.909,2022,SOFT,51.0,13.0,1
RUS,4.909,2022,MEDIUM,20.0,44.0,1
LEC,4.909,2022,MEDIUM,20.0,30.0,1
TSU,4.909,2022,SOFT,54.0,10.0,1
OCO,4.909,2022,MEDIUM,19.0,44.0,1
ZHO,4.909,2022,MEDIUM,19.0,44.0,1
LAT,4.909,2022,MEDIUM,19.0,44.0,1
MSC,4.909,2022,MEDIUM,19.0,44.0,1
MSC,4.909,2022,MEDIUM,19.0,36.0,1
RIC,4.909,2022,SOFT,53.0,10.0,1
RIC,4.909,2022,MEDIUM,17.0,14.0,1
ALO,4.909,2022,HARD,31.0,32.0,1
VER,5.412,2022,MEDIUM,1.0,26.0,1
GAS,5.412,2022,HARD,27.0,31.0,1
GAS,5.412,2022,MEDIUM,1.0,16.0,1
GAS,5.412,2022,HARD,17.0,24.0,1
PER,5.412,2022,SOFT,41.0,8.0,1
PER,5.412,2022,MEDIUM,1.0,27.0,1
ALO,5.412,2022,MEDIUM,42.0,16.0,1
ALO,5.412,2022,MEDIUM,1.0,15.0,1
LEC,5.412,2022,HARD,16.0,43.0,1
LEC,5.412,2022,MEDIUM,1.0,24.0,1
STR,5.412,2022,HARD,25.0,33.0,1
STR,5.412,2022,HARD,1.0,42.0,1
MAG,5.412,2022,MEDIUM,41.0,19.0,1
MAG,5.412,2022,MEDIUM,1.0,12.0,1
MAG,5.412,2022,HARD,13.0,30.0,1
TSU,5.412,2022,MEDIUM,43.0,15.0,1
TSU,5.412,2022,HARD,12.0,30.0,1
ALB,5.412,2022,SOFT,42.0,19.0,1
ALB,5.412,2022,MEDIUM,1.0,16.0,1
ZHO,5.412,2022,HARD,17.0,41.0,1
RIC,5.412,2022,MEDIUM,1.0,30.0,1
OCO,5.412,2022,SOFT,42.0,16.0,1
OCO,5.412,2022,HARD,1.0,41.0,1
NOR,5.412,2022,SOFT,42.0,16.0,1
NOR,5.412,2022,MEDIUM,1.0,18.0,1
HAM,5.412,2022,HARD,19.0,22.0,1
HAM,5.412,2022,MEDIUM,1.0,22.0,1
MSC,5.412,2022,HARD,23.0,35.0,1
MSC,5.412,2022,MEDIUM,1.0,14.0,1
MSC,5.412,2022,HARD,15.0,40.0,1
VET,5.412,2022,HARD,1.0,43.0,1
SAI,5.412,2022,MEDIUM,42.0,15.0,1
SAI,5.412,2022,MEDIUM,1.0,27.0,1
LAT,5.412,2022,HARD,28.0,30.0,1
LAT,5.412,2022,HARD,1.0,34.0,1
RUS,5.412,2022,MEDIUM,35.0,23.0,1
RUS,5.412,2022,HARD,1.0,40.0,1
BOT,5.412,2022,MEDIUM,41.0,17.0,1
BOT,5.412,2022,MEDIUM,1.0,26.0,1
VER,4.657,2022,SOFT,1.0,16.0,1
VER,4.657,2022,MEDIUM,14.0,15.0,1
VER,4.657,2022,SOFT,29.0,19.0,1
PER,4.657,2022,MEDIUM,45.0,22.0,1
PER,4.657,2022,SOFT,1.0,20.0,1
PER,4.657,2022,MEDIUM,18.0,20.0,1
PER,4.657,2022,MEDIUM,38.0,16.0,1
RUS,4.657,2022,SOFT,54.0,16.0,1
RUS,4.657,2022,SOFT,1.0,16.0,1
RUS,4.657,2022,MEDIUM,14.0,23.0,1
RUS,4.657,2022,MEDIUM,37.0,15.0,1
SAI,4.657,2022,SOFT,52.0,17.0,1
SAI,4.657,2022,SOFT,1.0,13.0,1
SAI,4.657,2022,MEDIUM,11.0,21.0,1
SAI,4.657,2022,MEDIUM,32.0,14.0,1
HAM,4.657,2022,SOFT,46.0,24.0,1
HAM,4.657,2022,SOFT,2.0,23.0,1
HAM,4.657,2022,MEDIUM,23.0,26.0,1
BOT,4.657,2022,SOFT,49.0,21.0,1
BOT,4.657,2022,SOFT,1.0,17.0,1
BOT,4.657,2022,MEDIUM,15.0,20.0,1
OCO,4.657,2022,MEDIUM,35.0,32.0,1
OCO,4.657,2022,SOFT,1.0,13.0,1
OCO,4.657,2022,MEDIUM,14.0,22.0,1
OCO,4.657,2022,SOFT,36.0,20.0,1
NOR,4.657,2022,SOFT,53.0,17.0,1
NOR,4.657,2022,SOFT,1.0,12.0,1
NOR,4.657,2022,MEDIUM,13.0,21.0,1
NOR,4.657,2022,SOFT,34.0,21.0,1
ALO,4.657,2022,SOFT,52.0,18.0,1
ALO,4.657,2022,SOFT,1.0,10.0,1
ALO,4.657,2022,MEDIUM,11.0,21.0,1
ALO,4.657,2022,SOFT,32.0,22.0,1
TSU,4.657,2022,SOFT,54.0,14.0,1
TSU,4.657,2022,SOFT,1.0,11.0,1
TSU,4.657,2022,MEDIUM,12.0,21.0,1
TSU,4.657,2022,SOFT,33.0,23.0,1
VET,4.657,2022,SOFT,53.0,16.0,1
VET,4.657,2022,SOFT,1.0,24.0,1
VET,4.657,2022,SOFT,22.0,24.0,1
RIC,4.657,2022,MEDIUM,43.0,24.0,1
RIC,4.657,2022,SOFT,1.0,14.0,1
RIC,4.657,2022,SOFT,12.0,23.0,1
RIC,4.657,2022,MEDIUM,32.0,17.0,1
GAS,4.657,2022,SOFT,49.0,20.0,1
GAS,4.657,2022,SOFT,1.0,10.0,1
GAS,4.657,2022,MEDIUM,11.0,19.0,1
GAS,4.657,2022,SOFT,30.0,20.0,1
MSC,4.657,2022,SOFT,47.0,22.0,1
MSC,4.657,2022,SOFT,1.0,14.0,1
MSC,4.657,2022,SOFT,13.0,21.0,1
STR,4.657,2022,MEDIUM,31.0,35.0,1
STR,4.657,2022,SOFT,1.0,17.0,1
STR,4.657,2022,SOFT,15.0,16.0,1
STR,4.657,2022,MEDIUM,28.0,20.0,1
LAT,4.657,2022,SOFT,47.0,19.0,1
LAT,4.657,2022,SOFT,1.0,12.0,1
LAT,4.657,2022,MEDIUM,13.0,14.0,1
LAT,4.657,2022,SOFT,27.0,24.0,1
MAG,4.657,2022,SOFT,51.0,17.0,1
MAG,4.657,2022,MEDIUM,2.0,28.0,1
ALB,4.657,2022,HARD,30.0,35.0,1
ALB,4.657,2022,SOFT,1.0,11.0,1
ALB,4.657,2022,MEDIUM,12.0,14.0,1
ALB,4.657,2022,SOFT,26.0,20.0,1
ZHO,4.657,2022,SOFT,55.0,13.0,1
ZHO,4.657,2022,SOFT,1.0,10.0,1
LEC,4.657,2022,MEDIUM,11.0,18.0,1
LEC,4.657,2022,SOFT,1.0,21.0,1
GAS,3.337,2022,MEDIUM,31.0,34.0,1
GAS,3.337,2022,HARD,3.0,28.0,1
PER,3.337,2022,HARD,31.0,42.0,1
ALO,3.337,2022,MEDIUM,31.0,34.0,1
ALO,3.337,2022,HARD,1.0,30.0,1
LEC,3.337,2022,MEDIUM,31.0,34.0,1
STR,3.337,2022,HARD,22.0,43.0,1
TSU,3.337,2022,HARD,7.0,23.0,1
TSU,3.337,2022,MEDIUM,30.0,27.0,1
ALB,3.337,2022,HARD,1.0,22.0,1
ZHO,3.337,2022,MEDIUM,23.0,27.0,1
ZHO,3.337,2022,HARD,1.0,29.0,1
RIC,3.337,2022,MEDIUM,30.0,34.0,1
RIC,3.337,2022,HARD,1.0,30.0,1
OCO,3.337,2022,HARD,31.0,45.0,1
OCO,3.337,2022,HARD,1.0,30.0,1
NOR,3.337,2022,MEDIUM,31.0,34.0,1
NOR,3.337,2022,HARD,23.0,29.0,1
HAM,3.337,2022,MEDIUM,52.0,13.0,1
MSC,3.337,2022,MEDIUM,31.0,34.0,1
VET,3.337,2022,HARD,5.0,21.0,1
VET,3.337,2022,HARD,7.0,25.0,1
SAI,3.337,2022,HARD,31.0,42.0,1
SAI,3.337,2022,HARD,1.0,30.0,1
LAT,3.337,2022,HARD,31.0,43.0,1
RUS,3.337,2022,HARD,1.0,30.0,1
BOT,3.337,2022,MEDIUM,31.0,34.0,1
BOT,3.337,2022,HARD,1.0,30.0,1
VER,6.003,2022,MEDIUM,1.0,18.0,1
PER,6.003,2022,HARD,10.0,42.0,1
PER,6.003,2022,MEDIUM,1.0,16.0,1
ALO,6.003,2022,MEDIUM,1.0,18.0,1
LEC,6.003,2022,HARD,19.0,33.0,1
STR,6.003,2022,HARD,1.0,31.0,1
MAG,6.003,2022,MEDIUM,31.0,17.0,1
TSU,6.003,2022,HARD,10.0,23.0,1
TSU,6.003,2022,HARD,10.0,29.0,1
ALB,6.003,2022,SOFT,39.0,15.0,1
ALB,6.003,2022,HARD,10.0,20.0,1
ZHO,6.003,2022,HARD,30.0,21.0,1
RIC,6.003,2022,HARD,1.0,33.0,1
OCO,6.003,2022,MEDIUM,34.0,18.0,1
OCO,6.003,2022,HARD,1.0,33.0,1
NOR,6.003,2022,MEDIUM,34.0,18.0,1
NOR,6.003,2022,MEDIUM,1.0,20.0,1
HAM,6.003,2022,HARD,21.0,31.0,1
HAM,6.003,2022,HARD,10.0,24.0,1
MSC,6.003,2022,HARD,34.0,19.0,1
MSC,6.003,2022,MEDIUM,10.0,16.0,1
VET,6.003,2022,HARD,24.0,27.0,1
SAI,6.003,2022,HARD,10.0,43.0,1
LAT,6.003,2022,MEDIUM,1.0,17.0,1
RUS,6.003,2022,HARD,18.0,33.0,1
RUS,6.003,2022,HARD,10.0,24.0,1
BOT,6.003,2022,HARD,34.0,19.0,1
BOT,6.003,2022,HARD,1.0,33.0,1
VER,4.361,2022,HARD,10.0,34.0,1
GAS,4.361,2022,HARD,44.0,27.0,1
GAS,4.361,2022,HARD,6.0,31.0,1
PER,4.361,2022,HARD,37.0,34.0,1
ALO,4.361,2022,MEDIUM,1.0,28.0,1
ALO,4.361,2022,HARD,29.0,21.0,1
LEC,4.361,2022,MEDIUM,50.0,21.0,1
LEC,4.361,2022,HARD,1.0,41.0,1
STR,4.361,2022,MEDIUM,42.0,29.0,1
STR,4.361,2022,HARD,1.0,47.0,1
MAG,4.361,2022,MEDIUM,48.0,24.0,1
ALB,4.361,2022,HARD,10.0,38.0,1
ALB,4.361,2022,MEDIUM,1.0,18.0,1
ALB,4.361,2022,HARD,19.0,30.0,1
ZHO,4.361,2022,HARD,49.0,22.0,1
ZHO,4.361,2022,MEDIUM,1.0,19.0,1
ZHO,4.361,2022,HARD,20.0,30.0,1
RIC,4.361,2022,HARD,50.0,21.0,1
RIC,4.361,2022,MEDIUM,1.0,19.0,1
RIC,4.361,2022,HARD,20.0,30.0,1
OCO,4.361,2022,HARD,50.0,21.0,1
OCO,4.361,2022,MEDIUM,1.0,19.0,1
OCO,4.361,2022,HARD,20.0,30.0,1
NOR,4.361,2022,MEDIUM,50.0,21.0,1
NOR,4.361,2022,HARD,1.0,19.0,1
NOR,4.361,2022,HARD,20.0,23.0,1
HAM,4.361,2022,MEDIUM,43.0,28.0,1
HAM,4.361,2022,HARD,10.0,35.0,1
MSC,4.361,2022,HARD,45.0,26.0,1
VET,4.361,2022,MEDIUM,1.0,19.0,1
SAI,4.361,2022,HARD,20.0,51.0,1
SAI,4.361,2022,MEDIUM,1.0,20.0,1
SAI,4.361,2022,HARD,21.0,29.0,1
LAT,4.361,2022,HARD,50.0,21.0,1
LAT,4.361,2022,HARD,10.0,28.0,1
RUS,4.361,2022,HARD,38.0,33.0,1
RUS,4.361,2022,MEDIUM,1.0,19.0,1
RUS,4.361,2022,HARD,20.0,26.0,1
BOT,4.361,2022,HARD,46.0,25.0,1
BOT,4.361,2022,HARD,1.0,49.0,1
GAS,5.891,2022,SOFT,40.0,13.0,1
GAS,5.891,2022,SOFT,2.0,15.0,1
PER,5.891,2022,MEDIUM,6.0,35.0,1
ALO,5.891,2022,SOFT,40.0,13.0,1
ALO,5.891,2022,MEDIUM,2.0,32.0,1
LEC,5.891,2022,SOFT,40.0,13.0,1
LEC,5.891,2022,MEDIUM,2.0,24.0,1
STR,5.891,2022,HARD,26.0,27.0,1
STR,5.891,2022,MEDIUM,2.0,16.0,1
STR,5.891,2022,HARD,16.0,26.0,1
MAG,5.891,2022,MEDIUM,41.0,15.0,1
MAG,5.891,2022,MEDIUM,2.0,23.0,1
TSU,5.891,2022,MEDIUM,23.0,30.0,1
TSU,5.891,2022,SOFT,2.0,17.0,1
TSU,5.891,2022,HARD,19.0,21.0,1
ALB,5.891,2022,SOFT,39.0,14.0,1
RIC,5.891,2022,MEDIUM,1.0,20.0,1
OCO,5.891,2022,SOFT,39.0,14.0,1
OCO,5.891,2022,SOFT,2.0,21.0,1
NOR,5.891,2022,MEDIUM,1.0,34.0,1
HAM,5.891,2022,SOFT,41.0,12.0,1
HAM,5.891,2022,MEDIUM,2.0,32.0,1
MSC,5.891,2022,SOFT,40.0,13.0,1
MSC,5.891,2022,MEDIUM,2.0,18.0,1
MSC,5.891,2022,HARD,20.0,20.0,1
VET,5.891,2022,SOFT,40.0,13.0,1
VET,5.891,2022,MEDIUM,7.0,35.0,1
SAI,5.891,2022,MEDIUM,40.0,15.0,1
SAI,5.891,2022,MEDIUM,2.0,19.0,1
SAI,5.891,2022,HARD,21.0,19.0,1
LAT,5.891,2022,SOFT,40.0,13.0,1
LAT,5.891,2022,SOFT,2.0,18.0,1
LAT,5.891,2022,MEDIUM,20.0,20.0,1
RUS,5.891,2022,SOFT,40.0,14.0,1
VER,4.326,2022,MEDIUM,1.0,13.0,1
VER,4.326,2022,HARD,14.0,23.0,1
GAS,4.326,2022,MEDIUM,37.0,35.0,1
GAS,4.326,2022,MEDIUM,1.0,12.0,1
ALO,4.326,2022,HARD,4.0,21.0,1
ALO,4.326,2022,HARD,1.0,27.0,1
ALO,4.326,2022,MEDIUM,28.0,31.0,1
LEC,4.326,2022,MEDIUM,59.0,12.0,1
LEC,4.326,2022,MEDIUM,1.0,26.0,1
LEC,4.326,2022,HARD,27.0,32.0,1
STR,4.326,2022,MEDIUM,59.0,13.0,1
STR,4.326,2022,MEDIUM,1.0,31.0,1
MAG,4.326,2022,MEDIUM,30.0,43.0,1
MAG,4.326,2022,MEDIUM,1.0,15.0,1
TSU,4.326,2022,HARD,16.0,55.0,1
TSU,4.326,2022,HARD,1.0,26.0,1
ALB,4.326,2022,HARD,27.0,44.0,1
ZHO,4.326,2022,HARD,1.0,24.0,1
RIC,4.326,2022,MEDIUM,1.0,12.0,1
OCO,4.326,2022,MEDIUM,1.0,16.0,1
NOR,4.326,2022,HARD,17.0,55.0,1
NOR,4.326,2022,MEDIUM,1.0,14.0,1
HAM,4.326,2022,HARD,15.0,56.0,1
HAM,4.326,2022,MEDIUM,1.0,28.0,1
MSC,4.326,2022,MEDIUM,29.0,43.0,1
MSC,4.326,2022,MEDIUM,1.0,16.0,1
VET,4.326,2022,HARD,17.0,54.0,1
VET,4.326,2022,HARD,1.0,21.0,1
SAI,4.326,2022,MEDIUM,1.0,27.0,1
LAT,4.326,2022,HARD,28.0,30.0,1
LAT,4.326,2022,MEDIUM,1.0,12.0,1
RUS,4.326,2022,HARD,14.0,35.0,1
VER,5.842,2022,MEDIUM,1.0,16.0,1
GAS,5.842,2022,HARD,17.0,37.0,1
PER,5.842,2022,MEDIUM,19.0,35.0,1
PER,5.842,2022,MEDIUM,1.0,18.0,1
ALO,5.842,2022,HARD,19.0,35.0,1
ALO,5.842,2022,MEDIUM,1.0,18.0,1
LEC,5.842,2022,HARD,19.0,35.0,1
STR,5.842,2022,MEDIUM,1.0,18.0,1
STR,5.842,2022,MEDIUM,1.0,20.0,1
MAG,5.842,2022,HARD,19.0,36.0,1
TSU,5.842,2022,HARD,19.0,20.0,1
ALB,5.842,2022,MEDIUM,1.0,18.0,1
ZHO,5.842,2022,HARD,19.0,35.0,1
RIC,5.842,2022,HARD,23.0,26.0,1
RIC,5.842,2022,MEDIUM,1.0,18.0,1
OCO,5.842,2022,HARD,19.0,35.0,1
OCO,5.842,2022,MEDIUM,1.0,18.0,1
NOR,5.842,2022,HARD,19.0,35.0,1
NOR,5.842,2022,MEDIUM,1.0,18.0,1
HAM,5.842,2022,HARD,19.0,35.0,1
HAM,5.842,2022,MEDIUM,1.0,18.0,1
MSC,5.842,2022,HARD,19.0,35.0,1
VET,5.842,2022,HARD,19.0,35.0,1
VET,5.842,2022,MEDIUM,1.0,21.0,1
SAI,5.842,2022,HARD,20.0,35.0,1
SAI,5.842,2022,MEDIUM,19.0,24.0,1
LAT,5.842,2022,MEDIUM,1.0,19.0,1
LAT,5.842,2022,HARD,20.0,19.0,1
RUS,5.842,2022,MEDIUM,1.0,18.0,1
BOT,5.842,2022,HARD,19.0,36.0,1
VER,4.381,2022,SOFT,1.0,17.0,1
VER,4.381,2022,MEDIUM,17.0,22.0,1
GAS,4.381,2022,MEDIUM,39.0,32.0,1
GAS,4.381,2022,SOFT,1.0,16.0,1
GAS,4.381,2022,MEDIUM,17.0,30.0,1
PER,4.381,2022,SOFT,47.0,23.0,1
PER,4.381,2022,SOFT,1.0,18.0,1
PER,4.381,2022,MEDIUM,19.0,24.0,1
ALO,4.381,2022,MEDIUM,43.0,28.0,1
ALO,4.381,2022,MEDIUM,1.0,21.0,1
LEC,4.381,2022,HARD,22.0,48.0,1
LEC,4.381,2022,MEDIUM,1.0,21.0,1
LEC,4.381,2022,MEDIUM,22.0,18.0,1
STR,4.381,2022,SOFT,55.0,19.0,1
STR,4.381,2022,SOFT,1.0,17.0,1
STR,4.381,2022,MEDIUM,15.0,33.0,1
MAG,4.381,2022,SOFT,47.0,23.0,1
MAG,4.381,2022,HARD,7.0,29.0,1
MAG,4.381,2022,MEDIUM,36.0,32.0,1
TSU,4.381,2022,SOFT,1.0,13.0,1
TSU,4.381,2022,MEDIUM,14.0,20.0,1
TSU,4.381,2022,SOFT,34.0,18.0,1
ALB,4.381,2022,SOFT,52.0,20.0,1
ALB,4.381,2022,MEDIUM,3.0,19.0,1
ALB,4.381,2022,MEDIUM,22.0,19.0,1
ZHO,4.381,2022,SOFT,41.0,29.0,1
ZHO,4.381,2022,MEDIUM,1.0,27.0,1
ZHO,4.381,2022,HARD,28.0,24.0,1
RIC,4.381,2022,SOFT,52.0,18.0,1
RIC,4.381,2022,SOFT,1.0,17.0,1
RIC,4.381,2022,MEDIUM,16.0,31.0,1
OCO,4.381,2022,HARD,47.0,23.0,1
OCO,4.381,2022,MEDIUM,1.0,23.0,1
NOR,4.381,2022,HARD,24.0,46.0,1
NOR,4.381,2022,SOFT,1.0,17.0,1
NOR,4.381,2022,MEDIUM,15.0,28.0,1
HAM,4.381,2022,HARD,43.0,28.0,1
HAM,4.381,2022,MEDIUM,1.0,19.0,1
HAM,4.381,2022,MEDIUM,20.0,32.0,1
MSC,4.381,2022,SOFT,52.0,21.0,1
MSC,4.381,2022,MEDIUM,1.0,21.0,1
MSC,4.381,2022,HARD,22.0,20.0,1
VET,4.381,2022,MEDIUM,42.0,28.0,1
VET,4.381,2022,SOFT,1.0,15.0,1
VET,4.381,2022,MEDIUM,16.0,32.0,1
SAI,4.381,2022,MEDIUM,47.0,23.0,1
SAI,4.381,2022,MEDIUM,1.0,17.0,1
SAI,4.381,2022,MEDIUM,18.0,30.0,1
LAT,4.381,2022,SOFT,48.0,26.0,1
LAT,4.381,2022,MEDIUM,1.0,18.0,1
LAT,4.381,2022,MEDIUM,19.0,21.0,1
LAT,4.381,2022,SOFT,40.0,17.0,1
RUS,4.381,2022,SOFT,57.0,13.0,1
RUS,4.381,2022,SOFT,1.0,19.0,1
RUS,4.381,2022,MEDIUM,17.0,23.0,1
BOT,4.381,2022,MEDIUM,40.0,31.0,1
BOT,4.381,2022,MEDIUM,1.0,26.0,1
VER,7.004,2022,SOFT,1.0,15.0,1
VER,7.004,2022,MEDIUM,16.0,15.0,1
GAS,7.004,2022,MEDIUM,31.0,14.0,1
PER,7.004,2022,MEDIUM,23.0,22.0,1
PER,7.004,2022,MEDIUM,1.0,14.0,1
PER,7.004,2022,MEDIUM,15.0,13.0,1
ALO,7.004,2022,MEDIUM,12.0,14.0,1
LEC,7.004,2022,HARD,26.0,19.0,1
LEC,7.004,2022,MEDIUM,4.0,22.0,1
LEC,7.004,2022,MEDIUM,26.0,17.0,1
STR,7.004,2022,MEDIUM,1.0,16.0,1
STR,7.004,2022,MEDIUM,16.0,12.0,1
TSU,7.004,2022,MEDIUM,28.0,16.0,1
TSU,7.004,2022,MEDIUM,19.0,12.0,1
ALB,7.004,2022,MEDIUM,31.0,14.0,1
ZHO,7.004,2022,MEDIUM,27.0,18.0,1
ZHO,7.004,2022,MEDIUM,1.0,14.0,1
ZHO,7.004,2022,MEDIUM,15.0,14.0,1
RIC,7.004,2022,SOFT,29.0,16.0,1
RIC,7.004,2022,MEDIUM,1.0,12.0,1
RIC,7.004,2022,HARD,13.0,20.0,1
OCO,7.004,2022,MEDIUM,33.0,12.0,1
OCO,7.004,2022,MEDIUM,1.0,12.0,1
OCO,7.004,2022,HARD,13.0,20.0,1
NOR,7.004,2022,MEDIUM,33.0,12.0,1
NOR,7.004,2022,MEDIUM,1.0,13.0,1
HAM,7.004,2022,MEDIUM,30.0,15.0,1
MSC,7.004,2022,MEDIUM,1.0,14.0,1
VET,7.004,2022,MEDIUM,31.0,13.0,1
VET,7.004,2022,MEDIUM,1.0,15.0,1
VET,7.004,2022,HARD,15.0,19.0,1
SAI,7.004,2022,MEDIUM,34.0,12.0,1
SAI,7.004,2022,SOFT,1.0,13.0,1
SAI,7.004,2022,MEDIUM,12.0,14.0,1
LAT,7.004,2022,HARD,26.0,19.0,1
LAT,7.004,2022,MEDIUM,4.0,13.0,1
LAT,7.004,2022,HARD,16.0,19.0,1
RUS,7.004,2022,SOFT,35.0,9.0,1
RUS,7.004,2022,MEDIUM,1.0,13.0,1
RUS,7.004,2022,MEDIUM,14.0,16.0,1
VER,4.259,2022,SOFT,1.0,18.0,1
VER,4.259,2022,MEDIUM,19.0,30.0,1
GAS,4.259,2022,SOFT,57.0,19.0,1
GAS,4.259,2022,SOFT,1.0,14.0,1
GAS,4.259,2022,MEDIUM,12.0,22.0,1
GAS,4.259,2022,HARD,33.0,25.0,1
PER,4.259,2022,SOFT,57.0,16.0,1
PER,4.259,2022,SOFT,1.0,19.0,1
PER,4.259,2022,MEDIUM,15.0,26.0,1
ALO,4.259,2022,MEDIUM,57.0,16.0,1
ALO,4.259,2022,SOFT,1.0,12.0,1
ALO,4.259,2022,HARD,13.0,35.0,1
LEC,4.259,2022,SOFT,48.0,25.0,1
LEC,4.259,2022,SOFT,1.0,20.0,1
LEC,4.259,2022,MEDIUM,18.0,28.0,1
STR,4.259,2022,SOFT,57.0,19.0,1
STR,4.259,2022,SOFT,1.0,16.0,1
STR,4.259,2022,MEDIUM,17.0,23.0,1
STR,4.259,2022,HARD,39.0,19.0,1
MAG,4.259,2022,SOFT,57.0,19.0,1
MAG,4.259,2022,MEDIUM,1.0,14.0,1
MAG,4.259,2022,MEDIUM,15.0,20.0,1
TSU,4.259,2022,SOFT,48.0,28.0,1
TSU,4.259,2022,SOFT,1.0,16.0,1
TSU,4.259,2022,MEDIUM,14.0,30.0,1
ALB,4.259,2022,MEDIUM,1.0,21.0,1
ALB,4.259,2022,MEDIUM,22.0,21.0,1
ZHO,4.259,2022,SOFT,56.0,17.0,1
ZHO,4.259,2022,SOFT,1.0,12.0,1v
ZHO,4.259,2022,SOFT,13.0,28.0,1
ZHO,4.259,2022,MEDIUM,38.0,18.0,1
RIC,4.259,2022,SOFT,56.0,20.0,1
RIC,4.259,2022,SOFT,1.0,11.0,1
RIC,4.259,2022,MEDIUM,12.0,16.0,1
RIC,4.259,2022,HARD,28.0,20.0,1
RIC,4.259,2022,SOFT,48.0,8.0,1
OCO,4.259,2022,SOFT,56.0,17.0,1
OCO,4.259,2022,SOFT,1.0,18.0,1
OCO,4.259,2022,HARD,19.0,38.0,1
NOR,4.259,2022,SOFT,57.0,19.0,1
NOR,4.259,2022,MEDIUM,1.0,17.0,1
NOR,4.259,2022,HARD,18.0,30.0,1
NOR,4.259,2022,SOFT,48.0,13.0,1
HAM,4.259,2022,SOFT,58.0,18.0,1
HAM,4.259,2022,MEDIUM,1.0,29.0,1
HAM,4.259,2022,HARD,30.0,19.0,1
MSC,4.259,2022,MEDIUM,49.0,24.0,1
MSC,4.259,2022,MEDIUM,1.0,13.0,1
MSC,4.259,2022,MEDIUM,14.0,20.0,1
VET,4.259,2022,SOFT,48.0,27.0,1
VET,4.259,2022,SOFT,1.0,9.0,1
VET,4.259,2022,MEDIUM,10.0,27.0,1
SAI,4.259,2022,SOFT,49.0,24.0,1
SAI,4.259,2022,SOFT,1.0,17.0,1
SAI,4.259,2022,MEDIUM,15.0,29.0,1
LAT,4.259,2022,SOFT,58.0,18.0,1
LAT,4.259,2022,SOFT,1.0,13.0,1
LAT,4.259,2022,MEDIUM,14.0,13.0,1
LAT,4.259,2022,HARD,27.0,28.0,1
RUS,4.259,2022,SOFT,55.0,17.0,1
RUS,4.259,2022,MEDIUM,1.0,31.0,1
BOT,4.259,2022,SOFT,58.0,17.0,1
BOT,4.259,2022,SOFT,1.0,16.0,1
BOT,4.259,2022,SOFT,17.0,18.0,1
VER,5.793,2022,SOFT,1.0,25.0,1
VER,5.793,2022,MEDIUM,26.0,23.0,1
GAS,5.793,2022,MEDIUM,1.0,18.0,1
PER,5.793,2022,HARD,19.0,36.0,1
PER,5.793,2022,HARD,8.0,35.0,1
ALO,5.793,2022,SOFT,43.0,11.0,1
LEC,5.793,2022,MEDIUM,1.0,31.0,1
LEC,5.793,2022,SOFT,1.0,12.0,1
LEC,5.793,2022,MEDIUM,13.0,21.0,1
LEC,5.793,2022,SOFT,34.0,15.0,1
STR,5.793,2022,SOFT,49.0,8.0,1
STR,5.793,2022,MEDIUM,1.0,19.0,1
MAG,5.793,2022,HARD,19.0,22.0,1
MAG,5.793,2022,MEDIUM,1.0,24.0,1
MAG,5.793,2022,HARD,25.0,22.0,1
TSU,5.793,2022,MEDIUM,1.0,19.0,1
TSU,5.793,2022,HARD,20.0,29.0,1
ZHO,5.793,2022,MEDIUM,1.0,18.0,1
RIC,5.793,2022,HARD,19.0,35.0,1
RIC,5.793,2022,MEDIUM,1.0,19.0,1
OCO,5.793,2022,HARD,20.0,27.0,1
OCO,5.793,2022,SOFT,1.0,19.0,1
NOR,5.793,2022,HARD,20.0,34.0,1
NOR,5.793,2022,MEDIUM,1.0,35.0,1
NOR,5.793,2022,SOFT,36.0,14.0,1
HAM,5.793,2022,SOFT,48.0,9.0,1
HAM,5.793,2022,MEDIUM,1.0,33.0,1
DEV,5.793,2022,SOFT,34.0,20.0,1
DEV,5.793,2022,SOFT,1.0,19.0,1
MSC,5.793,2022,MEDIUM,20.0,34.0,1
MSC,5.793,2022,MEDIUM,1.0,33.0,1
VET,5.793,2022,SOFT,34.0,20.0,1
SAI,5.793,2022,MEDIUM,1.0,12.0,1
SAI,5.793,2022,MEDIUM,1.0,30.0,1
SAI,5.793,2022,SOFT,31.0,17.0,1
LAT,5.793,2022,MEDIUM,1.0,15.0,1
LAT,5.793,2022,HARD,16.0,32.0,1
RUS,5.793,2022,SOFT,1.0,23.0,1
RUS,5.793,2022,HARD,24.0,24.0,1
BOT,5.793,2022,SOFT,48.0,9.0,1
BOT,5.793,2022,MEDIUM,1.0,35.0,1
GAS,4.94,2022,SOFT,41.0,19.0,1
PER,4.94,2022,MEDIUM,34.0,26.0,1
ALO,4.94,2022,MEDIUM,36.0,24.0,1
STR,4.94,2022,MEDIUM,35.0,25.0,1
MAG,4.94,2022,MEDIUM,36.0,24.0,1
TSU,4.94,2022,MEDIUM,34.0,26.0,1
OCO,4.94,2022,SOFT,37.0,23.0,1
HAM,4.94,2022,MEDIUM,37.0,23.0,1
MSC,4.94,2022,MEDIUM,35.0,25.0,1
VET,4.94,2022,SOFT,42.0,17.0,1
SAI,4.94,2022,MEDIUM,35.0,25.0,1
LAT,4.94,2022,MEDIUM,36.0,24.0,1
RUS,4.94,2022,MEDIUM,22.0,14.0,1
RUS,4.94,2022,SOFT,42.0,10.0,1
VER,5.513,2022,MEDIUM,1.0,13.0,1
VER,5.513,2022,HARD,14.0,22.0,1
GAS,5.513,2022,MEDIUM,36.0,21.0,1
GAS,5.513,2022,HARD,12.0,22.0,1
PER,5.513,2022,HARD,33.0,25.0,1
PER,5.513,2022,MEDIUM,1.0,14.0,1
PER,5.513,2022,HARD,15.0,24.0,1
ALO,5.513,2022,MEDIUM,39.0,18.0,1
LEC,5.513,2022,HARD,23.0,34.0,1
LEC,5.513,2022,MEDIUM,1.0,18.0,1
STR,5.513,2022,MEDIUM,36.0,21.0,1
STR,5.513,2022,MEDIUM,1.0,16.0,1
TSU,5.513,2022,MEDIUM,19.0,38.0,1
TSU,5.513,2022,MEDIUM,11.0,23.0,1
ALB,5.513,2022,HARD,34.0,23.0,1
ZHO,5.513,2022,HARD,19.0,38.0,1
RIC,5.513,2022,HARD,24.0,33.0,1
RIC,5.513,2022,HARD,11.0,25.0,1
OCO,5.513,2022,HARD,36.0,21.0,1
OCO,5.513,2022,HARD,19.0,27.0,1
NOR,5.513,2022,MEDIUM,1.0,14.0,1
NOR,5.513,2022,HARD,15.0,20.0,1
HAM,5.513,2022,HARD,35.0,22.0,1
HAM,5.513,2022,MEDIUM,1.0,12.0,1
HAM,5.513,2022,HARD,13.0,22.0,1
MSC,5.513,2022,HARD,35.0,22.0,1
MSC,5.513,2022,MEDIUM,19.0,15.0,1
VET,5.513,2022,HARD,34.0,23.0,1
VET,5.513,2022,MEDIUM,1.0,19.0,1
VET,5.513,2022,MEDIUM,19.0,24.0,1
LAT,5.513,2022,MEDIUM,6.0,13.0,1
RUS,5.513,2022,HARD,19.0,38.0,1
RUS,5.513,2022,MEDIUM,1.0,13.0,1
RUS,5.513,2022,HARD,14.0,23.0,1
VER,4.304,2022,SOFT,1.0,28.0,1
GAS,4.304,2022,MEDIUM,1.0,40.0,1
PER,4.304,2022,SOFT,41.0,30.0,1
PER,4.304,2022,SOFT,1.0,26.0,1
ALO,4.304,2022,MEDIUM,1.0,40.0,1
LEC,4.304,2022,HARD,41.0,24.0,1
LEC,4.304,2022,SOFT,1.0,30.0,1
STR,4.304,2022,MEDIUM,29.0,43.0,1
STR,4.304,2022,MEDIUM,1.0,18.0,1
STR,4.304,2022,SOFT,18.0,23.0,1
MAG,4.304,2022,SOFT,41.0,30.0,1
MAG,4.304,2022,MEDIUM,1.0,38.0,1
TSU,4.304,2022,SOFT,39.0,35.0,1
TSU,4.304,2022,SOFT,1.0,29.0,1
ALB,4.304,2022,MEDIUM,30.0,21.0,1
ALB,4.304,2022,MEDIUM,1.0,38.0,1
ZHO,4.304,2022,SOFT,39.0,32.0,1
RIC,4.304,2022,SOFT,46.0,25.0,1
RIC,4.304,2022,MEDIUM,1.0,44.0,1
OCO,4.304,2022,SOFT,45.0,26.0,1
OCO,4.304,2022,MEDIUM,1.0,33.0,1
NOR,4.304,2022,HARD,34.0,37.0,1
NOR,4.304,2022,MEDIUM,1.0,31.0,1
HAM,4.304,2022,HARD,32.0,39.0,1
HAM,4.304,2022,MEDIUM,1.0,29.0,1
MSC,4.304,2022,HARD,30.0,42.0,1
MSC,4.304,2022,SOFT,1.0,29.0,1
VET,4.304,2022,SOFT,1.0,38.0,1
SAI,4.304,2022,MEDIUM,39.0,33.0,1
SAI,4.304,2022,SOFT,1.0,32.0,1
LAT,4.304,2022,MEDIUM,30.0,42.0,1
LAT,4.304,2022,SOFT,1.0,23.0,1
LAT,4.304,2022,HARD,24.0,29.0,1
RUS,4.304,2022,SOFT,53.0,17.0,1
RUS,4.304,2022,MEDIUM,1.0,34.0,1
RUS,4.304,2022,HARD,35.0,35.0,1
BOT,4.304,2022,MEDIUM,1.0,39.0,1
VER,4.309,2022,MEDIUM,8.0,16.0,1
VER,4.309,2022,SOFT,24.0,32.0,1
GAS,4.309,2022,SOFT,49.0,23.0,1
GAS,4.309,2022,SOFT,1.0,19.0,1
GAS,4.309,2022,MEDIUM,20.0,16.0,1
GAS,4.309,2022,SOFT,36.0,22.0,1
PER,4.309,2022,MEDIUM,53.0,19.0,1
PER,4.309,2022,SOFT,1.0,23.0,1
PER,4.309,2022,MEDIUM,24.0,24.0,1
ALO,4.309,2022,MEDIUM,48.0,24.0,1
ALO,4.309,2022,MEDIUM,1.0,14.0,1
ALO,4.309,2022,MEDIUM,15.0,21.0,1
ALO,4.309,2022,MEDIUM,36.0,17.0,1
LEC,4.309,2022,SOFT,53.0,19.0,1
LEC,4.309,2022,MEDIUM,8.0,14.0,1
LEC,4.309,2022,SOFT,22.0,23.0,1
STR,4.309,2022,SOFT,45.0,28.0,1
STR,4.309,2022,MEDIUM,1.0,30.0,1
STR,4.309,2022,MEDIUM,30.0,20.0,1
MAG,4.309,2022,SOFT,49.0,23.0,1
TSU,4.309,2022,MEDIUM,1.0,20.0,1
TSU,4.309,2022,SOFT,21.0,20.0,1
TSU,4.309,2022,SOFT,41.0,14.0,1
ALB,4.309,2022,MEDIUM,55.0,16.0,1
ALB,4.309,2022,MEDIUM,5.0,21.0,1
ALB,4.309,2022,MEDIUM,26.0,22.0,1
ZHO,4.309,2022,MEDIUM,48.0,24.0,1
ZHO,4.309,2022,SOFT,1.0,16.0,1
ZHO,4.309,2022,MEDIUM,17.0,21.0,1
RIC,4.309,2022,SOFT,38.0,34.0,1
OCO,4.309,2022,SOFT,1.0,24.0,1
OCO,4.309,2022,MEDIUM,25.0,23.0,1
NOR,4.309,2022,SOFT,48.0,27.0,1
NOR,4.309,2022,SOFT,1.0,24.0,1
NOR,4.309,2022,MEDIUM,25.0,21.0,1
HAM,4.309,2022,SOFT,46.0,12.0,1
HAM,4.309,2022,SOFT,1.0,29.0,1
HAM,4.309,2022,MEDIUM,30.0,19.0,1
MSC,4.309,2022,SOFT,49.0,29.0,1
MSC,4.309,2022,MEDIUM,1.0,24.0,1
MSC,4.309,2022,SOFT,25.0,22.0,1
VET,4.309,2022,SOFT,47.0,29.0,1
VET,4.309,2022,SOFT,1.0,26.0,1
VET,4.309,2022,MEDIUM,27.0,20.0,1
SAI,4.309,2022,MEDIUM,46.0,27.0,1
SAI,4.309,2022,MEDIUM,1.0,17.0,1
SAI,4.309,2022,SOFT,18.0,19.0,1
SAI,4.309,2022,MEDIUM,37.0,17.0,1
LAT,4.309,2022,SOFT,54.0,24.0,1
LAT,4.309,2022,MEDIUM,1.0,20.0,1
LAT,4.309,2022,MEDIUM,33.0,20.0,1
RUS,4.309,2022,SOFT,53.0,19.0,1
RUS,4.309,2022,SOFT,1.0,24.0,1
RUS,4.309,2022,MEDIUM,25.0,25.0,1
BOT,4.309,2022,SOFT,50.0,31.0,1
BOT,4.309,2022,SOFT,1.0,24.0,1
BOT,4.309,2022,MEDIUM,25.0,21.0,1
VER,5.281,2022,MEDIUM,1.0,20.0,1
LEC,5.281,2022,HARD,21.0,38.0,1
LEC,5.281,2022,MEDIUM,1.0,21.0,1
PER,5.281,2022,HARD,22.0,37.0,1
PER,5.281,2022,MEDIUM,1.0,15.0,1
SAI,5.281,2022,HARD,34.0,25.0,1
SAI,5.281,2022,MEDIUM,1.0,17.0,1
SAI,5.281,2022,HARD,18.0,22.0,1
RUS,5.281,2022,HARD,40.0,19.0,1
RUS,5.281,2022,MEDIUM,1.0,15.0,1
RUS,5.281,2022,HARD,16.0,24.0,1
NOR,5.281,2022,MEDIUM,40.0,19.0,1
NOR,5.281,2022,MEDIUM,1.0,15.0,1
NOR,5.281,2022,HARD,16.0,27.0,1
OCO,5.281,2022,MEDIUM,43.0,16.0,1
OCO,5.281,2022,MEDIUM,1.0,14.0,1
OCO,5.281,2022,HARD,15.0,27.0,1
STR,5.281,2022,MEDIUM,1.0,13.0,1
STR,5.281,2022,HARD,14.0,28.0,1
RIC,5.281,2022,MEDIUM,41.0,19.0,1
RIC,5.281,2022,MEDIUM,1.0,19.0,1
VET,5.281,2022,HARD,20.0,39.0,1
VET,5.281,2022,MEDIUM,1.0,25.0,1
TSU,5.281,2022,HARD,26.0,34.0,1
TSU,5.281,2022,MEDIUM,1.0,14.0,1
TSU,5.281,2022,HARD,15.0,24.0,1
ZHO,5.281,2022,SOFT,39.0,20.0,1
ZHO,5.281,2022,MEDIUM,1.0,15.0,1
ZHO,5.281,2022,HARD,16.0,29.0,1
ALB,5.281,2022,SOFT,45.0,13.0,1
ALB,5.281,2022,MEDIUM,1.0,12.0,1
ALB,5.281,2022,HARD,13.0,23.0,1
GAS,5.281,2022,MEDIUM,36.0,22.0,1
GAS,5.281,2022,SOFT,1.0,14.0,1
BOT,5.281,2022,HARD,15.0,43.0,1
BOT,5.281,2022,HARD,1.0,30.0,1
MSC,5.281,2022,MEDIUM,31.0,27.0,1
MSC,5.281,2022,MEDIUM,1.0,14.0,1
MSC,5.281,2022,HARD,15.0,20.0,1
MAG,5.281,2022,MEDIUM,35.0,23.0,1
MAG,5.281,2022,HARD,1.0,28.0,1
HAM,5.281,2022,MEDIUM,29.0,29.0,1
HAM,5.281,2022,MEDIUM,1.0,18.0,1
LAT,5.281,2022,HARD,19.0,37.0,1
LAT,5.281,2022,MEDIUM,1.0,15.0,1
LAT,5.281,2022,HARD,16.0,23.0,1
ALO,5.281,2022,MEDIUM,39.0,17.0,1
ALO,5.281,2022,MEDIUM,1.0,19.0,1
VER,5.412,2023,SOFT,1.0,17.0,1
VER,5.412,2023,SOFT,15.0,22.0,1
GAS,5.412,2023,HARD,37.0,21.0,1
GAS,5.412,2023,SOFT,1.0,9.0,1
PER,5.412,2023,SOFT,41.0,17.0,1
PER,5.412,2023,SOFT,1.0,20.0,1
PER,5.412,2023,SOFT,18.0,19.0,1
ALO,5.412,2023,HARD,35.0,23.0,1
ALO,5.412,2023,SOFT,1.0,17.0,1
ALO,5.412,2023,HARD,15.0,20.0,1
LEC,5.412,2023,HARD,35.0,23.0,1
LEC,5.412,2023,SOFT,1.0,13.0,1
LEC,5.412,2023,HARD,14.0,20.0,1
STR,5.412,2023,SOFT,1.0,18.0,1
SAR,5.412,2023,HARD,31.0,27.0,1
SAR,5.412,2023,SOFT,1.0,12.0,1
SAR,5.412,2023,SOFT,13.0,18.0,1
MAG,5.412,2023,SOFT,41.0,16.0,1
MAG,5.412,2023,SOFT,30.0,11.0,1
DEV,5.412,2023,SOFT,41.0,16.0,1
DEV,5.412,2023,SOFT,1.0,11.0,1
TSU,5.412,2023,HARD,28.0,29.0,1
TSU,5.412,2023,SOFT,1.0,10.0,1
ALB,5.412,2023,SOFT,41.0,20.0,1
ALB,5.412,2023,SOFT,1.0,11.0,1
ALB,5.412,2023,SOFT,12.0,15.0,1
ZHO,5.412,2023,SOFT,41.0,17.0,1
ZHO,5.412,2023,SOFT,1.0,12.0,1
ZHO,5.412,2023,HARD,13.0,20.0,1
ZHO,5.412,2023,SOFT,33.0,25.0,1
HUL,5.412,2023,SOFT,1.0,14.0,1
OCO,5.412,2023,SOFT,41.0,19.0,1
OCO,5.412,2023,SOFT,1.0,15.0,1
OCO,5.412,2023,HARD,13.0,20.0,1
NOR,5.412,2023,SOFT,1.0,10.0,1
NOR,5.412,2023,SOFT,18.0,13.0,1
NOR,5.412,2023,SOFT,48.0,11.0,1
HAM,5.412,2023,SOFT,1.0,15.0,1
SAI,5.412,2023,HARD,31.0,27.0,1
SAI,5.412,2023,SOFT,1.0,16.0,1
RUS,5.412,2023,HARD,32.0,26.0,1
RUS,5.412,2023,SOFT,1.0,16.0,1
BOT,5.412,2023,HARD,32.0,26.0,1
BOT,5.412,2023,SOFT,1.0,11.0,1
PIA,5.412,2023,HARD,30.0,28.0,1
VER,6.174,2023,MEDIUM,1.0,18.0,1
GAS,6.174,2023,HARD,19.0,32.0,1
GAS,6.174,2023,MEDIUM,1.0,14.0,1
PER,6.174,2023,HARD,15.0,36.0,1
PER,6.174,2023,MEDIUM,1.0,18.0,1
ALO,6.174,2023,HARD,19.0,32.0,1
ALO,6.174,2023,MEDIUM,1.0,18.0,1
LEC,6.174,2023,HARD,19.0,33.0,1
LEC,6.174,2023,SOFT,1.0,16.0,1
STR,6.174,2023,HARD,17.0,34.0,1
STR,6.174,2023,MEDIUM,1.0,13.0,1
MAG,6.174,2023,MEDIUM,19.0,32.0,1
DEV,6.174,2023,HARD,9.0,42.0,1
DEV,6.174,2023,MEDIUM,1.0,17.0,1
TSU,6.174,2023,HARD,18.0,33.0,1
TSU,6.174,2023,MEDIUM,1.0,17.0,1
ALB,6.174,2023,HARD,18.0,33.0,1
ALB,6.174,2023,MEDIUM,1.0,17.0,1
HUL,6.174,2023,MEDIUM,19.0,32.0,1
OCO,6.174,2023,HARD,12.0,39.0,1
OCO,6.174,2023,MEDIUM,1.0,16.0,1
NOR,6.174,2023,HARD,17.0,34.0,1
HAM,6.174,2023,MEDIUM,20.0,31.0,1
SAI,6.174,2023,MEDIUM,19.0,32.0,1
SAI,6.174,2023,MEDIUM,1.0,15.0,1
RUS,6.174,2023,HARD,16.0,35.0,1
RUS,6.174,2023,MEDIUM,1.0,18.0,1
BOT,6.174,2023,HARD,19.0,32.0,1
BOT,6.174,2023,MEDIUM,18.0,18.0,1
PIA,6.174,2023,SOFT,36.0,14.0,1
VER,5.278,2023,HARD,9.0,47.0,1
GAS,5.278,2023,SOFT,1.0,8.0,1
GAS,5.278,2023,HARD,9.0,47.0,1
PER,5.278,2023,HARD,9.0,48.0,1
ALO,5.278,2023,HARD,9.0,47.0,1
STR,5.278,2023,HARD,9.0,47.0,1
SAR,5.278,2023,MEDIUM,9.0,28.0,1
SAR,5.278,2023,HARD,37.0,25.0,1
DEV,5.278,2023,HARD,8.0,46.0,1
DEV,5.278,2023,MEDIUM,9.0,37.0,1
DEV,5.278,2023,SOFT,46.0,9.0,1
TSU,5.278,2023,HARD,9.0,46.0,1
ALB,5.278,2023,SOFT,58.0,9.0,1
ZHO,5.278,2023,HARD,2.0,53.0,1
HUL,5.278,2023,HARD,9.0,47.0,1
OCO,5.278,2023,HARD,2.0,54.0,1
NOR,5.278,2023,HARD,9.0,47.0,1
HAM,5.278,2023,HARD,9.0,47.0,1
SAI,5.278,2023,HARD,8.0,48.0,1
BOT,5.278,2023,HARD,2.0,52.0,1
PIA,5.278,2023,HARD,9.0,46.0,1
GAS,6.003,2023,HARD,11.0,41.0,1
PER,6.003,2023,HARD,24.0,28.0,1
ALO,6.003,2023,HARD,12.0,40.0,1
LEC,6.003,2023,HARD,12.0,40.0,1
STR,6.003,2023,HARD,12.0,40.0,1
SAR,6.003,2023,HARD,12.0,43.0,1
MAG,6.003,2023,HARD,9.0,43.0,1
DEV,6.003,2023,HARD,11.0,41.0,1
ALB,6.003,2023,HARD,9.0,43.0,1
ZHO,6.003,2023,HARD,8.0,44.0,1
HUL,6.003,2023,HARD,12.0,25.0,1
HUL,6.003,2023,HARD,1.0,49.0,1
OCO,6.003,2023,HARD,1.0,50.0,1
HAM,6.003,2023,HARD,10.0,42.0,1
SAI,6.003,2023,HARD,10.0,42.0,1
RUS,6.003,2023,HARD,12.0,40.0,1
RUS,6.003,2023,HARD,12.0,38.0,1
BOT,6.003,2023,HARD,13.0,22.0,1
PIA,6.003,2023,MEDIUM,35.0,16.0,1
VER,5.412,2023,HARD,1.0,45.0,1
PER,5.412,2023,MEDIUM,46.0,12.0,1
PER,5.412,2023,MEDIUM,1.0,20.0,1
ALO,5.412,2023,HARD,21.0,37.0,1
ALO,5.412,2023,MEDIUM,1.0,25.0,1
RUS,5.412,2023,HARD,25.0,34.0,1
RUS,5.412,2023,MEDIUM,1.0,17.0,1
SAI,5.412,2023,HARD,18.0,40.0,1
SAI,5.412,2023,MEDIUM,1.0,18.0,1
HAM,5.412,2023,HARD,19.0,39.0,1
HAM,5.412,2023,HARD,1.0,37.0,1
LEC,5.412,2023,MEDIUM,38.0,20.0,1
LEC,5.412,2023,MEDIUM,1.0,17.0,1
GAS,5.412,2023,HARD,18.0,40.0,1
GAS,5.412,2023,MEDIUM,1.0,15.0,1
OCO,5.412,2023,HARD,16.0,42.0,1
OCO,5.412,2023,HARD,1.0,39.0,1
MAG,5.412,2023,MEDIUM,40.0,18.0,1
MAG,5.412,2023,MEDIUM,1.0,14.0,1
TSU,5.412,2023,HARD,15.0,43.0,1
TSU,5.412,2023,HARD,1.0,36.0,1
STR,5.412,2023,MEDIUM,37.0,21.0,1
STR,5.412,2023,HARD,1.0,43.0,1
BOT,5.412,2023,MEDIUM,43.0,16.0,1
BOT,5.412,2023,MEDIUM,1.0,15.0,1
ALB,5.412,2023,HARD,16.0,42.0,1
ALB,5.412,2023,MEDIUM,1.0,22.0,1
HUL,5.412,2023,HARD,23.0,35.0,1
HUL,5.412,2023,HARD,1.0,33.0,1
ZHO,5.412,2023,MEDIUM,34.0,24.0,1
ZHO,5.412,2023,HARD,1.0,31.0,1
NOR,5.412,2023,MEDIUM,32.0,26.0,1
DEV,5.412,2023,HARD,5.0,53.0,1
DEV,5.412,2023,MEDIUM,1.0,15.0,1
PIA,5.412,2023,HARD,16.0,42.0,1
SAR,5.412,2023,HARD,6.0,51.0,1
GAS,3.337,2023,HARD,1.0,47.0,1
PER,3.337,2023,HARD,2.0,33.0,1
PER,3.337,2023,MEDIUM,35.0,20.0,1
ALO,3.337,2023,HARD,1.0,55.0,1
LEC,3.337,2023,HARD,1.0,44.0,1
STR,3.337,2023,HARD,1.0,52.0,1
SAR,3.337,2023,MEDIUM,1.0,20.0,1
SAR,3.337,2023,SOFT,24.0,29.0,1
MAG,3.337,2023,HARD,1.0,56.0,1
ALB,3.337,2023,MEDIUM,1.0,18.0,1
ALB,3.337,2023,HARD,19.0,34.0,1
ZHO,3.337,2023,HARD,2.0,51.0,1
HUL,3.337,2023,HARD,2.0,53.0,1
OCO,3.337,2023,MEDIUM,1.0,32.0,1
OCO,3.337,2023,HARD,33.0,22.0,1
HAM,3.337,2023,MEDIUM,1.0,31.0,1
HAM,3.337,2023,HARD,32.0,23.0,1
SAI,3.337,2023,HARD,1.0,33.0,1
SAI,3.337,2023,MEDIUM,34.0,22.0,1
RUS,3.337,2023,HARD,1.0,54.0,1
BOT,3.337,2023,HARD,1.0,51.0,1
PIA,3.337,2023,HARD,1.0,54.0,1
VER,4.657,2023,MEDIUM,1.0,26.0,1
VER,4.657,2023,HARD,27.0,26.0,1
HAM,4.657,2023,SOFT,53.0,16.0,1
HAM,4.657,2023,SOFT,1.0,27.0,1
HAM,4.657,2023,MEDIUM,25.0,26.0,1
RUS,4.657,2023,SOFT,51.0,19.0,1
RUS,4.657,2023,SOFT,1.0,25.0,1
RUS,4.657,2023,MEDIUM,26.0,20.0,1
PER,4.657,2023,SOFT,46.0,24.0,1
PER,4.657,2023,MEDIUM,1.0,27.0,1
PER,4.657,2023,HARD,28.0,23.0,1
SAI,4.657,2023,SOFT,51.0,16.0,1
SAI,4.657,2023,SOFT,1.0,18.0,1
SAI,4.657,2023,MEDIUM,16.0,26.0,1
STR,4.657,2023,HARD,42.0,25.0,1
STR,4.657,2023,SOFT,1.0,17.0,1
STR,4.657,2023,SOFT,15.0,23.0,1
ALO,4.657,2023,HARD,35.0,32.0,1
ALO,4.657,2023,SOFT,1.0,22.0,1
ALO,4.657,2023,SOFT,20.0,28.0,1
OCO,4.657,2023,HARD,45.0,22.0,1
OCO,4.657,2023,SOFT,1.0,16.0,1
OCO,4.657,2023,MEDIUM,14.0,22.0,1
ZHO,4.657,2023,HARD,36.0,31.0,1
ZHO,4.657,2023,SOFT,1.0,9.0,1
ZHO,4.657,2023,HARD,10.0,27.0,1
GAS,4.657,2023,HARD,37.0,30.0,1
GAS,4.657,2023,SOFT,1.0,22.0,1
GAS,4.657,2023,MEDIUM,20.0,20.0,1
LEC,4.657,2023,HARD,40.0,27.0,1
TSU,4.657,2023,HARD,17.0,50.0,1
TSU,4.657,2023,SOFT,1.0,10.0,1
TSU,4.657,2023,HARD,11.0,24.0,1
PIA,4.657,2023,MEDIUM,35.0,32.0,1
PIA,4.657,2023,SOFT,1.0,19.0,1
PIA,4.657,2023,HARD,18.0,22.0,1
DEV,4.657,2023,MEDIUM,40.0,26.0,1
DEV,4.657,2023,SOFT,1.0,9.0,1
DEV,4.657,2023,HARD,10.0,29.0,1
HUL,4.657,2023,MEDIUM,39.0,27.0,1
HUL,4.657,2023,SOFT,1.0,11.0,1
HUL,4.657,2023,MEDIUM,9.0,18.0,1
ALB,4.657,2023,MEDIUM,44.0,22.0,1
ALB,4.657,2023,SOFT,1.0,16.0,1
ALB,4.657,2023,HARD,17.0,21.0,1
NOR,4.657,2023,MEDIUM,38.0,28.0,1
NOR,4.657,2023,HARD,2.0,21.0,1
NOR,4.657,2023,MEDIUM,23.0,28.0,1
MAG,4.657,2023,SOFT,51.0,18.0,1
MAG,4.657,2023,SOFT,1.0,10.0,1
MAG,4.657,2023,MEDIUM,11.0,14.0,1
BOT,4.657,2023,MEDIUM,43.0,23.0,1
BOT,4.657,2023,HARD,6.0,34.0,1
SAR,4.657,2023,HARD,40.0,26.0,1
SAR,4.657,2023,MEDIUM,1.0,17.0,1
SAR,4.657,2023,HARD,18.0,19.0,1
VER,4.361,2023,MEDIUM,1.0,12.0,1
VER,4.361,2023,HARD,13.0,30.0,1
GAS,4.361,2023,MEDIUM,43.0,28.0,1
GAS,4.361,2023,SOFT,1.0,10.0,1
GAS,4.361,2023,HARD,11.0,23.0,1
PER,4.361,2023,HARD,34.0,37.0,1
PER,4.361,2023,HARD,1.0,37.0,1
PER,4.361,2023,MEDIUM,38.0,31.0,1
ALO,4.361,2023,MEDIUM,1.0,12.0,1
ALO,4.361,2023,HARD,13.0,29.0,1
LEC,4.361,2023,HARD,42.0,29.0,1
LEC,4.361,2023,MEDIUM,1.0,39.0,1
STR,4.361,2023,HARD,40.0,31.0,1
SAR,4.361,2023,HARD,28.0,43.0,1
MAG,4.361,2023,HARD,1.0,35.0,1
MAG,4.361,2023,MEDIUM,36.0,18.0,1
DEV,4.361,2023,MEDIUM,54.0,16.0,1
DEV,4.361,2023,HARD,12.0,39.0,1
TSU,4.361,2023,HARD,51.0,19.0,1
ALB,4.361,2023,MEDIUM,1.0,13.0,1
ZHO,4.361,2023,MEDIUM,1.0,12.0,1
ZHO,4.361,2023,HARD,13.0,20.0,1
HUL,4.361,2023,HARD,33.0,37.0,1
HUL,4.361,2023,HARD,12.0,20.0,1
OCO,4.361,2023,HARD,32.0,38.0,1
OCO,4.361,2023,MEDIUM,1.0,12.0,1
OCO,4.361,2023,HARD,13.0,24.0,1
NOR,4.361,2023,HARD,37.0,34.0,1
NOR,4.361,2023,MEDIUM,1.0,12.0,1
NOR,4.361,2023,HARD,13.0,23.0,1
HAM,4.361,2023,HARD,36.0,36.0,1
HAM,4.361,2023,MEDIUM,1.0,12.0,1
HAM,4.361,2023,HARD,13.0,28.0,1
SAI,4.361,2023,MEDIUM,41.0,30.0,1
SAI,4.361,2023,MEDIUM,1.0,38.0,1
RUS,4.361,2023,HARD,39.0,32.0,1
RUS,4.361,2023,MEDIUM,1.0,12.0,1
BOT,4.361,2023,HARD,13.0,42.0,1
BOT,4.361,2023,HARD,1.0,36.0,1
PIA,4.361,2023,MEDIUM,37.0,34.0,1
PIA,4.361,2023,MEDIUM,1.0,12.0,1
PIA,4.361,2023,HARD,13.0,25.0,1
VER,4.326,2023,MEDIUM,1.0,24.0,1
VER,4.326,2023,HARD,25.0,25.0,1
VER,4.326,2023,MEDIUM,50.0,20.0,1
GAS,4.326,2023,MEDIUM,1.0,14.0,1
GAS,4.326,2023,HARD,15.0,30.0,1
PER,4.326,2023,MEDIUM,45.0,27.0,1
PER,4.326,2023,MEDIUM,1.0,25.0,1
PER,4.326,2023,MEDIUM,26.0,25.0,1
ALO,4.326,2023,HARD,51.0,21.0,1
ALO,4.326,2023,MEDIUM,16.0,29.0,1
LEC,4.326,2023,MEDIUM,45.0,27.0,1
LEC,4.326,2023,MEDIUM,1.0,15.0,1
LEC,4.326,2023,MEDIUM,16.0,32.0,1
STR,4.326,2023,HARD,48.0,24.0,1
STR,4.326,2023,MEDIUM,1.0,15.0,1
STR,4.326,2023,HARD,16.0,21.0,1
SAR,4.326,2023,MEDIUM,55.0,17.0,1
SAR,4.326,2023,MEDIUM,1.0,14.0,1
SAR,4.326,2023,HARD,15.0,29.0,1
MAG,4.326,2023,HARD,44.0,27.0,1
MAG,4.326,2023,HARD,3.0,32.0,1
DEV,4.326,2023,HARD,35.0,37.0,1
DEV,4.326,2023,MEDIUM,1.0,12.0,1
DEV,4.326,2023,HARD,13.0,25.0,1
TSU,4.326,2023,MEDIUM,38.0,33.0,1
TSU,4.326,2023,HARD,2.0,22.0,1
TSU,4.326,2023,HARD,24.0,20.0,1
ALB,4.326,2023,MEDIUM,44.0,27.0,1
ALB,4.326,2023,MEDIUM,1.0,14.0,1
ALB,4.326,2023,HARD,15.0,27.0,1
ZHO,4.326,2023,HARD,42.0,30.0,1
ZHO,4.326,2023,HARD,9.0,30.0,1
HUL,4.326,2023,HARD,39.0,32.0,1
HUL,4.326,2023,MEDIUM,1.0,14.0,1
OCO,4.326,2023,MEDIUM,1.0,14.0,1
OCO,4.326,2023,HARD,15.0,26.0,1
NOR,4.326,2023,HARD,41.0,30.0,1
NOR,4.326,2023,MEDIUM,1.0,14.0,1
NOR,4.326,2023,HARD,15.0,27.0,1
HAM,4.326,2023,HARD,42.0,30.0,1
HAM,4.326,2023,MEDIUM,1.0,14.0,1
HAM,4.326,2023,HARD,15.0,28.0,1
SAI,4.326,2023,MEDIUM,43.0,29.0,1
SAI,4.326,2023,MEDIUM,1.0,15.0,1
SAI,4.326,2023,MEDIUM,16.0,30.0,1
RUS,4.326,2023,HARD,46.0,26.0,1
RUS,4.326,2023,MEDIUM,1.0,14.0,1
RUS,4.326,2023,HARD,15.0,27.0,1
BOT,4.326,2023,MEDIUM,42.0,30.0,1
BOT,4.326,2023,HARD,1.0,21.0,1
BOT,4.326,2023,MEDIUM,22.0,19.0,1
PIA,4.326,2023,HARD,41.0,30.0,1
PIA,4.326,2023,MEDIUM,1.0,14.0,1
PIA,4.326,2023,HARD,23.0,19.0,1
VER,5.891,2023,MEDIUM,1.0,33.0,1
GAS,5.891,2023,SOFT,34.0,22.0,1
GAS,5.891,2023,MEDIUM,1.0,31.0,1
PER,5.891,2023,SOFT,32.0,18.0,1
PER,5.891,2023,MEDIUM,1.0,28.0,1
ALO,5.891,2023,SOFT,29.0,24.0,1
ALO,5.891,2023,MEDIUM,1.0,34.0,1
LEC,5.891,2023,SOFT,34.0,22.0,1
LEC,5.891,2023,MEDIUM,1.0,18.0,1
STR,5.891,2023,MEDIUM,33.0,20.0,1
STR,5.891,2023,MEDIUM,1.0,32.0,1
SAR,5.891,2023,SOFT,32.0,24.0,1
SAR,5.891,2023,MEDIUM,1.0,29.0,1
MAG,5.891,2023,SOFT,30.0,23.0,1
DEV,5.891,2023,MEDIUM,1.0,32.0,1
DEV,5.891,2023,SOFT,1.0,27.0,1
TSU,5.891,2023,SOFT,33.0,20.0,1
TSU,5.891,2023,SOFT,1.0,14.0,1
ALB,5.891,2023,SOFT,33.0,20.0,1
ALB,5.891,2023,MEDIUM,1.0,32.0,1
ZHO,5.891,2023,SOFT,33.0,24.0,1
ZHO,5.891,2023,MEDIUM,1.0,24.0,1
HUL,5.891,2023,SOFT,34.0,19.0,1
HUL,5.891,2023,MEDIUM,8.0,25.0,1
OCO,5.891,2023,SOFT,33.0,20.0,1
NOR,5.891,2023,SOFT,1.0,9.0,1
NOR,5.891,2023,MEDIUM,1.0,33.0,1
HAM,5.891,2023,HARD,34.0,19.0,1
HAM,5.891,2023,MEDIUM,1.0,33.0,1
SAI,5.891,2023,SOFT,34.0,22.0,1
SAI,5.891,2023,MEDIUM,1.0,26.0,1
RUS,5.891,2023,HARD,27.0,26.0,1
RUS,5.891,2023,SOFT,1.0,31.0,1
BOT,5.891,2023,MEDIUM,29.0,24.0,1
BOT,5.891,2023,HARD,1.0,32.0,1
PIA,5.891,2023,SOFT,33.0,20.0,1
PIA,5.891,2023,MEDIUM,1.0,29.0,1
VER,4.381,2023,MEDIUM,1.0,26.0,1
VER,4.381,2023,HARD,24.0,28.0,1
NOR,4.381,2023,MEDIUM,52.0,22.0,1
NOR,4.381,2023,MEDIUM,1.0,17.0,1
NOR,4.381,2023,HARD,18.0,27.0,1
PER,4.381,2023,MEDIUM,45.0,29.0,1
PER,4.381,2023,HARD,1.0,27.0,1
PER,4.381,2023,MEDIUM,25.0,24.0,1
HAM,4.381,2023,MEDIUM,43.0,31.0,1
HAM,4.381,2023,MEDIUM,1.0,19.0,1
HAM,4.381,2023,HARD,17.0,33.0,1
PIA,4.381,2023,MEDIUM,50.0,24.0,1
PIA,4.381,2023,MEDIUM,1.0,20.0,1
PIA,4.381,2023,HARD,19.0,24.0,1
RUS,4.381,2023,MEDIUM,43.0,31.0,1
RUS,4.381,2023,HARD,1.0,28.0,1
RUS,4.381,2023,MEDIUM,29.0,18.0,1
LEC,4.381,2023,MEDIUM,47.0,24.0,1
LEC,4.381,2023,MEDIUM,1.0,20.0,1
LEC,4.381,2023,HARD,18.0,26.0,1
SAI,4.381,2023,HARD,44.0,31.0,1
SAI,4.381,2023,SOFT,1.0,15.0,1
SAI,4.381,2023,HARD,16.0,29.0,1
ALO,4.381,2023,HARD,45.0,29.0,1
ALO,4.381,2023,MEDIUM,1.0,23.0,1
ALO,4.381,2023,HARD,21.0,27.0,1
STR,4.381,2023,HARD,44.0,27.0,1
STR,4.381,2023,SOFT,1.0,9.0,1
STR,4.381,2023,HARD,10.0,30.0,1
ALB,4.381,2023,HARD,35.0,39.0,1
ALB,4.381,2023,HARD,9.0,26.0,1
BOT,4.381,2023,HARD,32.0,38.0,1
BOT,4.381,2023,MEDIUM,1.0,12.0,1
BOT,4.381,2023,HARD,10.0,36.0,1
RIC,4.381,2023,HARD,41.0,32.0,1
RIC,4.381,2023,MEDIUM,1.0,21.0,1
HUL,4.381,2023,MEDIUM,30.0,43.0,1
HUL,4.381,2023,MEDIUM,1.0,19.0,1
HUL,4.381,2023,HARD,17.0,25.0,1
TSU,4.381,2023,HARD,39.0,36.0,1
TSU,4.381,2023,SOFT,1.0,9.0,1
TSU,4.381,2023,HARD,10.0,38.0,1
ZHO,4.381,2023,MEDIUM,45.0,25.0,1
ZHO,4.381,2023,MEDIUM,1.0,13.0,1
ZHO,4.381,2023,HARD,11.0,33.0,1
MAG,4.381,2023,HARD,39.0,36.0,1
MAG,4.381,2023,MEDIUM,1.0,14.0,1
MAG,4.381,2023,HARD,15.0,30.0,1
SAR,4.381,2023,HARD,42.0,33.0,1
SAR,4.381,2023,MEDIUM,1.0,13.0,1
SAR,4.381,2023,HARD,14.0,24.0,1
OCO,4.381,2023,HARD,35.0,33.0,1
VER,7.004,2023,SOFT,1.0,14.0,1
VER,7.004,2023,MEDIUM,15.0,16.0,1
PER,7.004,2023,SOFT,31.0,14.0,1
PER,7.004,2023,SOFT,1.0,13.0,1
PER,7.004,2023,MEDIUM,14.0,16.0,1
LEC,7.004,2023,SOFT,30.0,15.0,1
LEC,7.004,2023,SOFT,1.0,13.0,1
LEC,7.004,2023,MEDIUM,14.0,15.0,1
HAM,7.004,2023,SOFT,29.0,16.0,1
HAM,7.004,2023,SOFT,1.0,12.0,1
HAM,7.004,2023,MEDIUM,13.0,15.0,1
HAM,7.004,2023,SOFT,28.0,15.0,1
ALO,7.004,2023,MEDIUM,11.0,19.0,1
RUS,7.004,2023,SOFT,30.0,15.0,1
RUS,7.004,2023,MEDIUM,1.0,22.0,1
NOR,7.004,2023,SOFT,23.0,22.0,1
OCO,7.004,2023,SOFT,18.0,27.0,1
OCO,7.004,2023,MEDIUM,7.0,19.0,1
STR,7.004,2023,SOFT,26.0,19.0,1
STR,7.004,2023,MEDIUM,1.0,20.0,1
TSU,7.004,2023,SOFT,21.0,24.0,1
TSU,7.004,2023,MEDIUM,10.0,15.0,1
GAS,7.004,2023,SOFT,25.0,20.0,1
GAS,7.004,2023,SOFT,1.0,23.0,1
BOT,7.004,2023,MEDIUM,24.0,21.0,1
BOT,7.004,2023,MEDIUM,7.0,18.0,1
ZHO,7.004,2023,MEDIUM,25.0,20.0,1
ZHO,7.004,2023,MEDIUM,8.0,18.0,1
ALB,7.004,2023,SOFT,26.0,19.0,1
ALB,7.004,2023,MEDIUM,8.0,16.0,1
MAG,7.004,2023,SOFT,34.0,11.0,1
MAG,7.004,2023,MEDIUM,6.0,20.0,1
RIC,7.004,2023,MEDIUM,26.0,19.0,1
RIC,7.004,2023,MEDIUM,6.0,17.0,1
SAR,7.004,2023,MEDIUM,23.0,22.0,1
SAR,7.004,2023,SOFT,1.0,8.0,1
SAR,7.004,2023,MEDIUM,9.0,16.0,1
HUL,7.004,2023,SOFT,35.0,10.0,1
HUL,7.004,2023,MEDIUM,1.0,12.0,1
HUL,7.004,2023,SOFT,13.0,12.0,1
SAI,7.004,2023,SOFT,25.0,20.0,1
PIA,7.004,2023,MEDIUM,8.0,16.0,1
VER,4.259,2023,SOFT,12.0,38.0,1
VER,4.259,2023,SOFT,50.0,13.0,1
GAS,4.259,2023,SOFT,12.0,35.0,1
GAS,4.259,2023,SOFT,47.0,14.0,1
PER,4.259,2023,SOFT,13.0,33.0,1
PER,4.259,2023,SOFT,46.0,16.0,1
ALO,4.259,2023,SOFT,11.0,38.0,1
ALO,4.259,2023,SOFT,49.0,15.0,1
STR,4.259,2023,SOFT,12.0,30.0,1
STR,4.259,2023,MEDIUM,17.0,18.0,1
STR,4.259,2023,SOFT,35.0,26.0,1
MAG,4.259,2023,SOFT,1.0,15.0,1
MAG,4.259,2023,SOFT,10.0,26.0,1
MAG,4.259,2023,MEDIUM,36.0,25.0,1
ALB,4.259,2023,MEDIUM,45.0,17.0,1
ZHO,4.259,2023,MEDIUM,11.0,27.0,1
ZHO,4.259,2023,SOFT,38.0,23.0,1
HUL,4.259,2023,SOFT,1.0,16.0,1
HUL,4.259,2023,MEDIUM,17.0,32.0,1
HUL,4.259,2023,SOFT,49.0,12.0,1
OCO,4.259,2023,SOFT,11.0,33.0,1
OCO,4.259,2023,SOFT,44.0,18.0,1
NOR,4.259,2023,SOFT,11.0,33.0,1
NOR,4.259,2023,SOFT,43.0,21.0,1
LAW,4.259,2023,MEDIUM,18.0,29.0,1
LAW,4.259,2023,SOFT,47.0,13.0,1
HAM,4.259,2023,SOFT,10.0,36.0,1
HAM,4.259,2023,SOFT,46.0,15.0,1
SAI,4.259,2023,SOFT,11.0,31.0,1
SAI,4.259,2023,SOFT,42.0,21.0,1
RUS,4.259,2023,HARD,17.0,44.0,1
BOT,4.259,2023,SOFT,1.0,16.0,1
BOT,4.259,2023,MEDIUM,17.0,31.0,1
BOT,4.259,2023,SOFT,48.0,12.0,1
PIA,4.259,2023,SOFT,1.0,15.0,1
PIA,4.259,2023,SOFT,16.0,31.0,1
PIA,4.259,2023,MEDIUM,47.0,14.0,1
VER,5.793,2023,MEDIUM,1.0,20.0,1
GAS,5.793,2023,HARD,21.0,31.0,1
GAS,5.793,2023,HARD,11.0,24.0,1
PER,5.793,2023,MEDIUM,32.0,20.0,1
PER,5.793,2023,MEDIUM,1.0,21.0,1
ALO,5.793,2023,HARD,22.0,30.0,1
ALO,5.793,2023,MEDIUM,1.0,21.0,1
LEC,5.793,2023,HARD,22.0,33.0,1
LEC,5.793,2023,MEDIUM,1.0,20.0,1
STR,5.793,2023,HARD,21.0,31.0,1
STR,5.793,2023,MEDIUM,1.0,20.0,1
SAR,5.793,2023,HARD,21.0,35.0,1
SAR,5.793,2023,MEDIUM,1.0,17.0,1
MAG,5.793,2023,HARD,15.0,40.0,1
MAG,5.793,2023,MEDIUM,13.0,21.0,1
TSU,5.793,2023,MEDIUM,34.0,18.0,1
ALB,5.793,2023,MEDIUM,1.0,18.0,1
ZHO,5.793,2023,HARD,16.0,39.0,1
ZHO,5.793,2023,HARD,12.0,25.0,1
HUL,5.793,2023,MEDIUM,34.0,18.0,1
HUL,5.793,2023,MEDIUM,1.0,17.0,1
HUL,5.793,2023,HARD,15.0,30.0,1
OCO,5.793,2023,MEDIUM,40.0,15.0,1
OCO,5.793,2023,MEDIUM,1.0,24.0,1
NOR,5.793,2023,MEDIUM,1.0,22.0,1
LAW,5.793,2023,HARD,23.0,33.0,1
LAW,5.793,2023,MEDIUM,1.0,16.0,1
LAW,5.793,2023,HARD,14.0,23.0,1
HAM,5.793,2023,MEDIUM,34.0,21.0,1
HAM,5.793,2023,HARD,1.0,30.0,1
SAI,5.793,2023,MEDIUM,28.0,24.0,1
SAI,5.793,2023,MEDIUM,1.0,19.0,1
RUS,5.793,2023,HARD,20.0,32.0,1
RUS,5.793,2023,MEDIUM,1.0,19.0,1
BOT,5.793,2023,HARD,20.0,35.0,1
BOT,5.793,2023,HARD,1.0,28.0,1
PIA,5.793,2023,MEDIUM,26.0,29.0,1
PIA,5.793,2023,MEDIUM,1.0,23.0,1
PIA,5.793,2023,HARD,24.0,23.0,1
VER,4.94,2023,HARD,1.0,40.0,1
GAS,4.94,2023,MEDIUM,41.0,22.0,1
GAS,4.94,2023,MEDIUM,1.0,20.0,1
PER,4.94,2023,HARD,21.0,42.0,1
PER,4.94,2023,HARD,1.0,39.0,1
ALO,4.94,2023,MEDIUM,40.0,23.0,1
ALO,4.94,2023,MEDIUM,1.0,20.0,1
ALO,4.94,2023,HARD,21.0,24.0,1
LEC,4.94,2023,SOFT,45.0,20.0,1
LEC,4.94,2023,SOFT,1.0,23.0,1
SAR,4.94,2023,HARD,21.0,42.0,1
SAR,4.94,2023,MEDIUM,1.0,19.0,1
SAR,4.94,2023,HARD,20.0,24.0,1
MAG,4.94,2023,MEDIUM,44.0,19.0,1
MAG,4.94,2023,MEDIUM,1.0,20.0,1
MAG,4.94,2023,HARD,21.0,23.0,1
TSU,4.94,2023,SOFT,44.0,22.0,1
ALB,4.94,2023,MEDIUM,1.0,20.0,1
ALB,4.94,2023,HARD,21.0,23.0,1
ZHO,4.94,2023,MEDIUM,44.0,19.0,1
HUL,4.94,2023,MEDIUM,21.0,42.0,1
HUL,4.94,2023,MEDIUM,1.0,20.0,1
OCO,4.94,2023,HARD,21.0,42.0,1
OCO,4.94,2023,MEDIUM,1.0,20.0,1
NOR,4.94,2023,HARD,21.0,23.0,1
NOR,4.94,2023,MEDIUM,1.0,20.0,1
LAW,4.94,2023,HARD,21.0,42.0,1
LAW,4.94,2023,MEDIUM,1.0,20.0,1
HAM,4.94,2023,HARD,21.0,42.0,1
HAM,4.94,2023,MEDIUM,1.0,20.0,1
HAM,4.94,2023,HARD,21.0,24.0,1
SAI,4.94,2023,MEDIUM,45.0,18.0,1
SAI,4.94,2023,MEDIUM,1.0,20.0,1
RUS,4.94,2023,HARD,21.0,42.0,1
RUS,4.94,2023,MEDIUM,1.0,20.0,1
RUS,4.94,2023,HARD,21.0,24.0,1
BOT,4.94,2023,MEDIUM,45.0,18.0,1
BOT,4.94,2023,HARD,1.0,40.0,1
PIA,4.94,2023,MEDIUM,41.0,12.0,1
PIA,4.94,2023,MEDIUM,1.0,20.0,1
VER,5.807,2023,MEDIUM,1.0,16.0,1
VER,5.807,2023,MEDIUM,17.0,21.0,1
NOR,5.807,2023,MEDIUM,1.0,17.0,1
NOR,5.807,2023,HARD,18.0,19.0,1
PIA,5.807,2023,MEDIUM,1.0,13.0,1
PIA,5.807,2023,HARD,14.0,22.0,1
LEC,5.807,2023,MEDIUM,1.0,17.0,1
LEC,5.807,2023,MEDIUM,18.0,17.0,1
HAM,5.807,2023,HARD,35.0,19.0,1
HAM,5.807,2023,MEDIUM,1.0,16.0,1
SAI,5.807,2023,HARD,35.0,19.0,1
SAI,5.807,2023,MEDIUM,1.0,18.0,1
SAI,5.807,2023,MEDIUM,19.0,20.0,1
RUS,5.807,2023,MEDIUM,1.0,24.0,1
ALO,5.807,2023,HARD,25.0,29.0,1
ALO,5.807,2023,SOFT,1.0,14.0,1
OCO,5.807,2023,HARD,26.0,28.0,1
OCO,5.807,2023,HARD,2.0,27.0,1
GAS,5.807,2023,HARD,29.0,25.0,1
GAS,5.807,2023,MEDIUM,1.0,18.0,1
LAW,5.807,2023,HARD,35.0,19.0,1
LAW,5.807,2023,SOFT,1.0,10.0,1
LAW,5.807,2023,MEDIUM,11.0,15.0,1
TSU,5.807,2023,HARD,26.0,27.0,1
TSU,5.807,2023,SOFT,1.0,12.0,1
TSU,5.807,2023,MEDIUM,10.0,21.0,1
ZHO,5.807,2023,HARD,31.0,22.0,1
ZHO,5.807,2023,SOFT,2.0,9.0,1
ZHO,5.807,2023,SOFT,11.0,19.0,1
HUL,5.807,2023,HARD,30.0,23.0,1
HUL,5.807,2023,SOFT,1.0,8.0,1
HUL,5.807,2023,MEDIUM,9.0,13.0,1
MAG,5.807,2023,MEDIUM,38.0,15.0,1
MAG,5.807,2023,MEDIUM,1.0,12.0,1
MAG,5.807,2023,HARD,13.0,19.0,1
ALB,5.807,2023,HARD,32.0,21.0,1
ALB,5.807,2023,MEDIUM,2.0,12.0,1
SAR,5.807,2023,SOFT,14.0,13.0,1
SAR,5.807,2023,MEDIUM,6.0,16.0,1
STR,5.807,2023,SOFT,1.0,14.0,1
VER,5.419,2023,MEDIUM,1.0,20.0,1
VER,5.419,2023,MEDIUM,18.0,20.0,1
PIA,5.419,2023,MEDIUM,1.0,18.0,1
PIA,5.419,2023,MEDIUM,13.0,20.0,1
PIA,5.419,2023,MEDIUM,26.0,18.0,1
NOR,5.419,2023,MEDIUM,1.0,20.0,1
NOR,5.419,2023,MEDIUM,14.0,20.0,1
NOR,5.419,2023,MEDIUM,28.0,17.0,1
RUS,5.419,2023,MEDIUM,2.0,20.0,1
RUS,5.419,2023,MEDIUM,15.0,18.0,1
LEC,5.419,2023,SOFT,51.0,10.0,1
LEC,5.419,2023,MEDIUM,1.0,20.0,1
LEC,5.419,2023,MEDIUM,13.0,20.0,1
ALO,5.419,2023,MEDIUM,44.0,14.0,1
ALO,5.419,2023,MEDIUM,1.0,16.0,1
ALO,5.419,2023,MEDIUM,12.0,20.0,1
OCO,5.419,2023,MEDIUM,45.0,13.0,1
OCO,5.419,2023,MEDIUM,1.0,17.0,1
OCO,5.419,2023,MEDIUM,11.0,20.0,1
BOT,5.419,2023,MEDIUM,44.0,14.0,1
BOT,5.419,2023,MEDIUM,4.0,18.0,1
ZHO,5.419,2023,HARD,40.0,19.0,1
ZHO,5.419,2023,MEDIUM,1.0,18.0,1
PER,5.419,2023,MEDIUM,18.0,20.0,1
PER,5.419,2023,MEDIUM,32.0,18.0,1
STR,5.419,2023,MEDIUM,44.0,14.0,1
STR,5.419,2023,MEDIUM,4.0,18.0,1
GAS,5.419,2023,MEDIUM,40.0,18.0,1
GAS,5.419,2023,MEDIUM,1.0,18.0,1
GAS,5.419,2023,MEDIUM,12.0,20.0,1
ALB,5.419,2023,MEDIUM,45.0,13.0,1
ALB,5.419,2023,MEDIUM,1.0,18.0,1
ALB,5.419,2023,MEDIUM,19.0,13.0,1
MAG,5.419,2023,MEDIUM,4.0,18.0,1
TSU,5.419,2023,MEDIUM,10.0,13.0,1
HUL,5.419,2023,MEDIUM,1.0,20.0,1
HUL,5.419,2023,MEDIUM,28.0,18.0,1
SAR,5.419,2023,MEDIUM,40.0,17.0,1
SAR,5.419,2023,MEDIUM,1.0,13.0,1
SAR,5.419,2023,MEDIUM,14.0,13.0,1
VER,5.513,2023,MEDIUM,1.0,16.0,1
VER,5.513,2023,MEDIUM,17.0,19.0,1
NOR,5.513,2023,HARD,36.0,21.0,1
NOR,5.513,2023,MEDIUM,1.0,17.0,1
SAI,5.513,2023,HARD,35.0,22.0,1
SAI,5.513,2023,MEDIUM,1.0,17.0,1
SAI,5.513,2023,MEDIUM,18.0,18.0,1
PER,5.513,2023,HARD,36.0,21.0,1
PER,5.513,2023,MEDIUM,1.0,17.0,1
PER,5.513,2023,MEDIUM,18.0,20.0,1
RUS,5.513,2023,HARD,38.0,19.0,1
RUS,5.513,2023,MEDIUM,1.0,21.0,1
GAS,5.513,2023,MEDIUM,40.0,17.0,1
GAS,5.513,2023,MEDIUM,1.0,18.0,1
GAS,5.513,2023,MEDIUM,19.0,19.0,1
STR,5.513,2023,HARD,38.0,19.0,1
STR,5.513,2023,HARD,1.0,20.0,1
STR,5.513,2023,MEDIUM,21.0,20.0,1
TSU,5.513,2023,MEDIUM,41.0,16.0,1
TSU,5.513,2023,MEDIUM,1.0,17.0,1
TSU,5.513,2023,MEDIUM,35.0,20.0,1
ALB,5.513,2023,MEDIUM,1.0,13.0,1
ALB,5.513,2023,HARD,11.0,19.0,1
SAR,5.513,2023,MEDIUM,30.0,33.0,1
SAR,5.513,2023,HARD,12.0,21.0,1
HUL,5.513,2023,MEDIUM,33.0,24.0,1
HUL,5.513,2023,HARD,1.0,19.0,1
HUL,5.513,2023,MEDIUM,20.0,15.0,1
BOT,5.513,2023,MEDIUM,35.0,28.0,1
ZHO,5.513,2023,HARD,29.0,28.0,1
MAG,5.513,2023,HARD,28.0,28.0,1
MAG,5.513,2023,HARD,11.0,19.0,1
RIC,5.513,2023,MEDIUM,30.0,26.0,1
RIC,5.513,2023,MEDIUM,1.0,22.0,1
RIC,5.513,2023,HARD,23.0,25.0,1
ALO,5.513,2023,SOFT,48.0,8.0,1
ALO,5.513,2023,MEDIUM,1.0,19.0,1
ALO,5.513,2023,MEDIUM,20.0,23.0,1
HAM,5.513,2023,MEDIUM,1.0,20.0,1
LEC,5.513,2023,MEDIUM,39.0,18.0,1
LEC,5.513,2023,MEDIUM,1.0,23.0,1
VER,4.304,2023,MEDIUM,1.0,19.0,1
GAS,4.304,2023,HARD,34.0,38.0,1
GAS,4.304,2023,MEDIUM,1.0,28.0,1
PER,4.304,2023,HARD,29.0,43.0,1
ALO,4.304,2023,MEDIUM,1.0,30.0,1
LEC,4.304,2023,HARD,30.0,19.0,1
LEC,4.304,2023,MEDIUM,1.0,31.0,1
STR,4.304,2023,HARD,32.0,40.0,1
STR,4.304,2023,MEDIUM,1.0,31.0,1
SAR,4.304,2023,HARD,31.0,37.0,1
SAR,4.304,2023,MEDIUM,1.0,22.0,1
MAG,4.304,2023,MEDIUM,35.0,37.0,1
MAG,4.304,2023,MEDIUM,1.0,23.0,1
TSU,4.304,2023,HARD,10.0,25.0,1
ALB,4.304,2023,HARD,35.0,37.0,1
ALB,4.304,2023,HARD,1.0,33.0,1
ZHO,4.304,2023,MEDIUM,34.0,38.0,1
ZHO,4.304,2023,MEDIUM,1.0,21.0,1
HUL,4.304,2023,HARD,22.0,50.0,1
HUL,4.304,2023,MEDIUM,1.0,23.0,1
RIC,4.304,2023,MEDIUM,35.0,37.0,1
RIC,4.304,2023,MEDIUM,1.0,27.0,1
OCO,4.304,2023,HARD,28.0,44.0,1
OCO,4.304,2023,HARD,1.0,34.0,1
NOR,4.304,2023,MEDIUM,35.0,37.0,1
NOR,4.304,2023,SOFT,1.0,11.0,1
NOR,4.304,2023,HARD,12.0,22.0,1
HAM,4.304,2023,MEDIUM,34.0,38.0,1
HAM,4.304,2023,MEDIUM,1.0,24.0,1
SAI,4.304,2023,MEDIUM,35.0,41.0,1
SAI,4.304,2023,MEDIUM,1.0,30.0,1
RUS,4.304,2023,HARD,31.0,41.0,1
RUS,4.304,2023,MEDIUM,1.0,26.0,1
BOT,4.304,2023,MEDIUM,35.0,42.0,1
BOT,4.304,2023,MEDIUM,1.0,31.0,1
PIA,4.304,2023,HARD,32.0,40.0,1
PIA,4.304,2023,MEDIUM,1.0,25.0,1
VER,4.309,2023,SOFT,3.0,28.0,1
VER,4.309,2023,MEDIUM,28.0,29.0,1
NOR,4.309,2023,SOFT,57.0,15.0,1
NOR,4.309,2023,SOFT,3.0,25.0,1
NOR,4.309,2023,MEDIUM,28.0,32.0,1
ALO,4.309,2023,SOFT,60.0,15.0,1
ALO,4.309,2023,SOFT,3.0,26.0,1
ALO,4.309,2023,MEDIUM,26.0,22.0,1
PER,4.309,2023,SOFT,48.0,24.0,1
PER,4.309,2023,SOFT,3.0,21.0,1
PER,4.309,2023,MEDIUM,21.0,26.0,1
STR,4.309,2023,SOFT,47.0,28.0,1
STR,4.309,2023,SOFT,3.0,23.0,1
STR,4.309,2023,MEDIUM,23.0,30.0,1
SAI,4.309,2023,SOFT,53.0,21.0,1
SAI,4.309,2023,SOFT,1.0,28.0,1
SAI,4.309,2023,MEDIUM,27.0,25.0,1
GAS,4.309,2023,SOFT,52.0,23.0,1
GAS,4.309,2023,SOFT,3.0,27.0,1
GAS,4.309,2023,MEDIUM,27.0,20.0,1
HAM,4.309,2023,SOFT,47.0,25.0,1
HAM,4.309,2023,SOFT,3.0,19.0,1
HAM,4.309,2023,MEDIUM,19.0,28.0,1
TSU,4.309,2023,SOFT,47.0,28.0,1
TSU,4.309,2023,SOFT,3.0,24.0,1
TSU,4.309,2023,MEDIUM,27.0,29.0,1
OCO,4.309,2023,SOFT,56.0,19.0,1
OCO,4.309,2023,SOFT,3.0,15.0,1
OCO,4.309,2023,MEDIUM,15.0,17.0,1
OCO,4.309,2023,SOFT,32.0,23.0,1
SAR,4.309,2023,SOFT,52.0,19.0,1
SAR,4.309,2023,SOFT,3.0,15.0,1
SAR,4.309,2023,SOFT,18.0,27.0,1
HUL,4.309,2023,SOFT,45.0,26.0,1
HUL,4.309,2023,SOFT,3.0,22.0,1
HUL,4.309,2023,SOFT,22.0,28.0,1
RIC,4.309,2023,SOFT,47.0,27.0,1
RIC,4.309,2023,SOFT,2.0,28.0,1
RIC,4.309,2023,MEDIUM,27.0,29.0,1
PIA,4.309,2023,SOFT,56.0,15.0,1
PIA,4.309,2023,MEDIUM,2.0,23.0,1
PIA,4.309,2023,SOFT,25.0,31.0,1
RUS,4.309,2023,SOFT,53.0,22.0,1
RUS,4.309,2023,SOFT,3.0,20.0,1
RUS,4.309,2023,MEDIUM,20.0,26.0,1
BOT,4.309,2023,SOFT,46.0,15.0,1
BOT,4.309,2023,SOFT,3.0,16.0,1
ZHO,4.309,2023,MEDIUM,19.0,21.0,1
ZHO,4.309,2023,SOFT,3.0,13.0,1
VER,6.201,2023,MEDIUM,1.0,16.0,1
GAS,6.201,2023,HARD,27.0,24.0,1
GAS,6.201,2023,MEDIUM,1.0,17.0,1
PER,6.201,2023,HARD,18.0,33.0,1
PER,6.201,2023,HARD,2.0,25.0,1
ALO,6.201,2023,HARD,27.0,24.0,1
ALO,6.201,2023,HARD,1.0,26.0,1
LEC,6.201,2023,HARD,27.0,24.0,1
LEC,6.201,2023,MEDIUM,1.0,21.0,1
STR,6.201,2023,HARD,22.0,29.0,1
STR,6.201,2023,HARD,4.0,24.0,1
SAR,6.201,2023,HARD,27.0,24.0,1
SAR,6.201,2023,MEDIUM,1.0,15.0,1
MAG,6.201,2023,HARD,16.0,35.0,1
MAG,6.201,2023,MEDIUM,1.0,14.0,1
TSU,6.201,2023,HARD,27.0,24.0,1
TSU,6.201,2023,SOFT,1.0,10.0,1
ALB,6.201,2023,HARD,22.0,26.0,1
ALB,6.201,2023,MEDIUM,1.0,16.0,1
ZHO,6.201,2023,HARD,17.0,34.0,1
ZHO,6.201,2023,HARD,1.0,26.0,1
HUL,6.201,2023,MEDIUM,27.0,24.0,1
HUL,6.201,2023,MEDIUM,1.0,12.0,1
RIC,6.201,2023,HARD,27.0,20.0,1
RIC,6.201,2023,MEDIUM,1.0,17.0,1
OCO,6.201,2023,HARD,18.0,33.0,1
OCO,6.201,2023,MEDIUM,1.0,20.0,1
NOR,6.201,2023,HARD,21.0,30.0,1
SAI,6.201,2023,HARD,27.0,24.0,1
SAI,6.201,2023,HARD,4.0,23.0,1
RUS,6.201,2023,HARD,27.0,24.0,1
RUS,6.201,2023,MEDIUM,1.0,15.0,1
BOT,6.201,2023,HARD,27.0,24.0,1
BOT,6.201,2023,HARD,2.0,23.0,1
PIA,6.201,2023,MEDIUM,25.0,26.0,1
PIA,6.201,2023,HARD,17.0,28.0,1
VER,5.281,2023,MEDIUM,1.0,16.0,1
VER,5.281,2023,HARD,17.0,27.0,1
LEC,5.281,2023,MEDIUM,1.0,17.0,1
RUS,5.281,2023,HARD,36.0,23.0,1
RUS,5.281,2023,MEDIUM,1.0,14.0,1
RUS,5.281,2023,HARD,15.0,20.0,1
PER,5.281,2023,HARD,35.0,24.0,1
PER,5.281,2023,MEDIUM,1.0,17.0,1
PER,5.281,2023,HARD,18.0,25.0,1
NOR,5.281,2023,MEDIUM,1.0,14.0,1
NOR,5.281,2023,HARD,15.0,19.0,1
PIA,5.281,2023,HARD,34.0,25.0,1
PIA,5.281,2023,MEDIUM,1.0,13.0,1
PIA,5.281,2023,HARD,14.0,23.0,1
ALO,5.281,2023,HARD,37.0,22.0,1
ALO,5.281,2023,MEDIUM,1.0,12.0,1
ALO,5.281,2023,HARD,13.0,25.0,1
TSU,5.281,2023,HARD,37.0,23.0,1
TSU,5.281,2023,MEDIUM,1.0,22.0,1
HAM,5.281,2023,HARD,23.0,36.0,1
HAM,5.281,2023,MEDIUM,1.0,15.0,1
HAM,5.281,2023,HARD,16.0,20.0,1
STR,5.281,2023,HARD,36.0,23.0,1
STR,5.281,2023,HARD,1.0,23.0,1
STR,5.281,2023,HARD,23.0,21.0,1
RIC,5.281,2023,MEDIUM,43.0,16.0,1
RIC,5.281,2023,HARD,8.0,24.0,1
OCO,5.281,2023,HARD,32.0,27.0,1
OCO,5.281,2023,MEDIUM,1.0,15.0,1
GAS,5.281,2023,HARD,16.0,43.0,1
GAS,5.281,2023,MEDIUM,1.0,17.0,1
ALB,5.281,2023,HARD,33.0,26.0,1
ALB,5.281,2023,MEDIUM,1.0,17.0,1
ALB,5.281,2023,HARD,17.0,27.0,1
HUL,5.281,2023,MEDIUM,1.0,13.0,1
HUL,5.281,2023,HARD,14.0,20.0,1
SAR,5.281,2023,HARD,34.0,25.0,1
SAR,5.281,2023,MEDIUM,1.0,16.0,1
SAR,5.281,2023,HARD,16.0,26.0,1
ZHO,5.281,2023,MEDIUM,1.0,13.0,1
ZHO,5.281,2023,HARD,14.0,24.0,1
SAI,5.281,2023,MEDIUM,38.0,21.0,1
SAI,5.281,2023,HARD,1.0,23.0,1
SAI,5.281,2023,HARD,24.0,33.0,1
BOT,5.281,2023,HARD,1.0,29.0,1
MAG,5.281,2023,MEDIUM,30.0,28.0,1
VER,5.412,2024,SOFT,1.0,20.0,1
VER,5.412,2024,HARD,18.0,20.0,1
PER,5.412,2024,SOFT,38.0,20.0,1
PER,5.412,2024,SOFT,1.0,15.0,1
PER,5.412,2024,HARD,13.0,24.0,1
SAI,5.412,2024,SOFT,37.0,21.0,1
SAI,5.412,2024,SOFT,1.0,17.0,1
SAI,5.412,2024,HARD,15.0,21.0,1
LEC,5.412,2024,HARD,36.0,22.0,1
LEC,5.412,2024,SOFT,1.0,14.0,1
LEC,5.412,2024,HARD,12.0,23.0,1
RUS,5.412,2024,HARD,35.0,23.0,1
RUS,5.412,2024,SOFT,1.0,14.0,1
RUS,5.412,2024,HARD,12.0,20.0,1
NOR,5.412,2024,HARD,32.0,26.0,1
NOR,5.412,2024,SOFT,1.0,16.0,1
NOR,5.412,2024,HARD,14.0,20.0,1
HAM,5.412,2024,HARD,34.0,24.0,1
HAM,5.412,2024,SOFT,1.0,15.0,1
HAM,5.412,2024,HARD,13.0,21.0,1
PIA,5.412,2024,HARD,34.0,24.0,1
PIA,5.412,2024,SOFT,1.0,15.0,1
PIA,5.412,2024,HARD,13.0,22.0,1
ALO,5.412,2024,HARD,35.0,23.0,1
ALO,5.412,2024,SOFT,1.0,18.0,1
ALO,5.412,2024,HARD,16.0,26.0,1
STR,5.412,2024,SOFT,1.0,9.0,1
ZHO,5.412,2024,HARD,28.0,30.0,1
ZHO,5.412,2024,SOFT,1.0,9.0,1
ZHO,5.412,2024,HARD,10.0,19.0,1
MAG,5.412,2024,HARD,29.0,28.0,1
MAG,5.412,2024,SOFT,1.0,11.0,1
MAG,5.412,2024,HARD,12.0,21.0,1
RIC,5.412,2024,HARD,33.0,24.0,1
RIC,5.412,2024,SOFT,1.0,16.0,1
RIC,5.412,2024,HARD,14.0,22.0,1
TSU,5.412,2024,SOFT,36.0,21.0,1
TSU,5.412,2024,SOFT,1.0,14.0,1
TSU,5.412,2024,HARD,15.0,20.0,1
ALB,5.412,2024,HARD,35.0,22.0,1
ALB,5.412,2024,SOFT,1.0,15.0,1
ALB,5.412,2024,HARD,16.0,21.0,1
HUL,5.412,2024,HARD,37.0,20.0,1
HUL,5.412,2024,HARD,2.0,19.0,1
HUL,5.412,2024,HARD,21.0,21.0,1
OCO,5.412,2024,SOFT,42.0,16.0,1
OCO,5.412,2024,SOFT,1.0,10.0,1
OCO,5.412,2024,HARD,11.0,20.0,1
GAS,5.412,2024,HARD,31.0,26.0,1
GAS,5.412,2024,SOFT,1.0,12.0,1
GAS,5.412,2024,HARD,13.0,19.0,1
BOT,5.412,2024,SOFT,44.0,13.0,1
BOT,5.412,2024,SOFT,1.0,12.0,1
SAR,5.412,2024,HARD,31.0,26.0,1
SAR,5.412,2024,SOFT,1.0,10.0,1
GAS,6.174,2024,HARD,8.0,43.0,1
ALO,6.174,2024,HARD,8.0,43.0,1
LEC,6.174,2024,HARD,8.0,44.0,1
STR,6.174,2024,HARD,8.0,43.0,1
MAG,6.174,2024,HARD,8.0,42.0,1
TSU,6.174,2024,HARD,8.0,43.0,1
ALB,6.174,2024,HARD,8.0,42.0,1
ZHO,6.174,2024,HARD,8.0,43.0,1
ZHO,6.174,2024,MEDIUM,1.0,41.0,1
HUL,6.174,2024,SOFT,42.0,8.0,1
HUL,6.174,2024,MEDIUM,1.0,33.0,1
OCO,6.174,2024,HARD,8.0,42.0,1
BEA,6.174,2024,HARD,8.0,42.0,1
NOR,6.174,2024,HARD,8.0,43.0,1
NOR,6.174,2024,MEDIUM,1.0,37.0,1
HAM,6.174,2024,SOFT,38.0,19.0,1
HAM,6.174,2024,MEDIUM,1.0,36.0,1
RUS,6.174,2024,SOFT,37.0,17.0,1
BOT,6.174,2024,HARD,8.0,43.0,1
BOT,6.174,2024,HARD,8.0,28.0,1
PIA,6.174,2024,SOFT,36.0,14.0,1
GAS,5.278,2024,MEDIUM,1.0,17.0,1
GAS,5.278,2024,HARD,18.0,24.0,1
PER,5.278,2024,MEDIUM,1.0,14.0,1
PER,5.278,2024,HARD,15.0,21.0,1
ALO,5.278,2024,HARD,36.0,23.0,1
ALO,5.278,2024,MEDIUM,18.0,25.0,1
LEC,5.278,2024,HARD,10.0,25.0,1
STR,5.278,2024,HARD,35.0,24.0,1
STR,5.278,2024,HARD,9.0,30.0,1
MAG,5.278,2024,HARD,38.0,22.0,1
MAG,5.278,2024,HARD,8.0,26.0,1
TSU,5.278,2024,HARD,34.0,24.0,1
TSU,5.278,2024,HARD,10.0,27.0,1
ALB,5.278,2024,HARD,37.0,22.0,1
ALB,5.278,2024,HARD,7.0,21.0,1
ZHO,5.278,2024,HARD,28.0,30.0,1
ZHO,5.278,2024,HARD,7.0,30.0,1
HUL,5.278,2024,HARD,36.0,22.0,1
HUL,5.278,2024,MEDIUM,18.0,18.0,1
RIC,5.278,2024,HARD,36.0,23.0,1
RIC,5.278,2024,HARD,6.0,24.0,1
OCO,5.278,2024,HARD,30.0,28.0,1
OCO,5.278,2024,HARD,17.0,26.0,1
NOR,5.278,2024,HARD,43.0,22.0,1
NOR,5.278,2024,MEDIUM,1.0,14.0,1
NOR,5.278,2024,HARD,15.0,27.0,1
HAM,5.278,2024,HARD,41.0,19.0,1
SAI,5.278,2024,MEDIUM,1.0,16.0,1
SAI,5.278,2024,HARD,17.0,25.0,1
RUS,5.278,2024,HARD,9.0,37.0,1
BOT,5.278,2024,HARD,9.0,29.0,1
PIA,5.278,2024,HARD,37.0,21.0,1
PIA,5.278,2024,HARD,10.0,31.0,1
VER,5.807,2024,MEDIUM,1.0,16.0,1
VER,5.807,2024,MEDIUM,17.0,18.0,1
PER,5.807,2024,HARD,35.0,19.0,1
PER,5.807,2024,MEDIUM,1.0,15.0,1
PER,5.807,2024,MEDIUM,16.0,18.0,1
SAI,5.807,2024,HARD,34.0,20.0,1
SAI,5.807,2024,MEDIUM,2.0,14.0,1
SAI,5.807,2024,MEDIUM,16.0,22.0,1
LEC,5.807,2024,MEDIUM,2.0,25.0,1
NOR,5.807,2024,HARD,27.0,27.0,1
ALO,5.807,2024,HARD,27.0,27.0,1
ALO,5.807,2024,SOFT,1.0,13.0,1
ALO,5.807,2024,MEDIUM,14.0,20.0,1
RUS,5.807,2024,HARD,34.0,20.0,1
RUS,5.807,2024,HARD,2.0,21.0,1
PIA,5.807,2024,MEDIUM,38.0,17.0,1
PIA,5.807,2024,MEDIUM,1.0,12.0,1
PIA,5.807,2024,HARD,13.0,20.0,1
HAM,5.807,2024,HARD,33.0,21.0,1
HAM,5.807,2024,HARD,2.0,22.0,1
TSU,5.807,2024,MEDIUM,40.0,15.0,1
TSU,5.807,2024,SOFT,2.0,9.0,1
HUL,5.807,2024,HARD,23.0,30.0,1
HUL,5.807,2024,HARD,6.0,28.0,1
STR,5.807,2024,HARD,34.0,19.0,1
STR,5.807,2024,SOFT,2.0,11.0,1
MAG,5.807,2024,SOFT,35.0,18.0,1
MAG,5.807,2024,MEDIUM,2.0,21.0,1
BOT,5.807,2024,HARD,23.0,30.0,1
OCO,5.807,2024,HARD,23.0,30.0,1
GAS,5.807,2024,MEDIUM,34.0,19.0,1
GAS,5.807,2024,MEDIUM,17.0,16.0,1
SAR,5.807,2024,HARD,33.0,20.0,1
SAR,5.807,2024,HARD,2.0,21.0,1
ZHO,5.807,2024,SOFT,42.0,11.0,1
VER,5.451,2024,MEDIUM,1.0,13.0,1
GAS,5.451,2024,HARD,24.0,33.0,1
PER,5.451,2024,MEDIUM,39.0,18.0,1
PER,5.451,2024,MEDIUM,1.0,13.0,1
ALO,5.451,2024,HARD,24.0,33.0,1
ALO,5.451,2024,SOFT,24.0,20.0,1
LEC,5.451,2024,MEDIUM,44.0,13.0,1
LEC,5.451,2024,MEDIUM,1.0,21.0,1
STR,5.451,2024,HARD,22.0,35.0,1
STR,5.451,2024,SOFT,1.0,9.0,1
STR,5.451,2024,MEDIUM,10.0,12.0,1
SAR,5.451,2024,HARD,36.0,26.0,1
SAR,5.451,2024,SOFT,1.0,12.0,1
SAR,5.451,2024,MEDIUM,13.0,12.0,1
MAG,5.451,2024,HARD,25.0,32.0,1
TSU,5.451,2024,MEDIUM,28.0,29.0,1
TSU,5.451,2024,SOFT,1.0,8.0,1
TSU,5.451,2024,MEDIUM,9.0,15.0,1
ALB,5.451,2024,MEDIUM,10.0,14.0,1
ZHO,5.451,2024,HARD,24.0,33.0,1
HUL,5.451,2024,SOFT,41.0,16.0,1
RIC,5.451,2024,HARD,24.0,33.0,1
RIC,5.451,2024,MEDIUM,1.0,14.0,1
OCO,5.451,2024,MEDIUM,15.0,19.0,1
NOR,5.451,2024,HARD,24.0,33.0,1
NOR,5.451,2024,MEDIUM,1.0,22.0,1
HAM,5.451,2024,HARD,23.0,34.0,1
HAM,5.451,2024,SOFT,1.0,9.0,1
HAM,5.451,2024,MEDIUM,10.0,12.0,1
SAI,5.451,2024,HARD,22.0,35.0,1
SAI,5.451,2024,MEDIUM,1.0,17.0,1
RUS,5.451,2024,HARD,18.0,39.0,1
RUS,5.451,2024,MEDIUM,12.0,12.0,1
BOT,5.451,2024,HARD,24.0,33.0,1
PIA,5.451,2024,MEDIUM,1.0,16.0,1
VER,5.412,2024,MEDIUM,1.0,23.0,1
GAS,5.412,2024,HARD,24.0,34.0,1
GAS,5.412,2024,MEDIUM,1.0,12.0,1
PER,5.412,2024,HARD,13.0,45.0,1
PER,5.412,2024,MEDIUM,1.0,17.0,1
ALO,5.412,2024,MEDIUM,29.0,34.0,1
ALO,5.412,2024,HARD,1.0,23.0,1
LEC,5.412,2024,MEDIUM,23.0,36.0,1
LEC,5.412,2024,MEDIUM,1.0,19.0,1
STR,5.412,2024,HARD,20.0,38.0,1
STR,5.412,2024,MEDIUM,1.0,12.0,1
SAR,5.412,2024,MEDIUM,29.0,29.0,1
MAG,5.412,2024,HARD,1.0,22.0,1
TSU,5.412,2024,MEDIUM,29.0,29.0,1
TSU,5.412,2024,MEDIUM,1.0,28.0,1
ALB,5.412,2024,HARD,29.0,29.0,1
ALB,5.412,2024,HARD,11.0,43.0,1
ZHO,5.412,2024,MEDIUM,1.0,28.0,1
HUL,5.412,2024,SOFT,29.0,29.0,1
HUL,5.412,2024,MEDIUM,1.0,12.0,1
RIC,5.412,2024,MEDIUM,29.0,29.0,1
RIC,5.412,2024,HARD,1.0,28.0,1
OCO,5.412,2024,MEDIUM,29.0,34.0,1
OCO,5.412,2024,MEDIUM,1.0,22.0,1
NOR,5.412,2024,HARD,23.0,35.0,1
NOR,5.412,2024,MEDIUM,1.0,29.0,1
HAM,5.412,2024,HARD,30.0,28.0,1
HAM,5.412,2024,HARD,1.0,26.0,1
SAI,5.412,2024,MEDIUM,27.0,34.0,1
SAI,5.412,2024,MEDIUM,1.0,27.0,1
RUS,5.412,2024,HARD,28.0,30.0,1
RUS,5.412,2024,MEDIUM,1.0,27.0,1
BOT,5.412,2024,HARD,25.0,33.0,1
BOT,5.412,2024,SOFT,1.0,11.0,1
PIA,5.412,2024,MEDIUM,30.0,28.0,1
PIA,5.412,2024,MEDIUM,1.0,27.0,1
VER,4.909,2024,MEDIUM,1.0,24.0,1
NOR,4.909,2024,HARD,25.0,39.0,1
NOR,4.909,2024,MEDIUM,1.0,22.0,1
LEC,4.909,2024,HARD,23.0,42.0,1
LEC,4.909,2024,MEDIUM,1.0,25.0,1
PIA,4.909,2024,HARD,26.0,38.0,1
PIA,4.909,2024,MEDIUM,1.0,23.0,1
SAI,4.909,2024,HARD,24.0,41.0,1
SAI,4.909,2024,MEDIUM,1.0,27.0,1
HAM,4.909,2024,HARD,28.0,36.0,1
HAM,4.909,2024,MEDIUM,1.0,27.0,1
RUS,4.909,2024,HARD,28.0,36.0,1
RUS,4.909,2024,MEDIUM,1.0,21.0,1
RUS,4.909,2024,HARD,22.0,31.0,1
PER,4.909,2024,MEDIUM,53.0,13.0,1
PER,4.909,2024,HARD,1.0,37.0,1
STR,4.909,2024,MEDIUM,38.0,26.0,1
STR,4.909,2024,MEDIUM,1.0,38.0,1
TSU,4.909,2024,HARD,38.0,27.0,1
TSU,4.909,2024,MEDIUM,1.0,12.0,1
HUL,4.909,2024,HARD,13.0,50.0,1
HUL,4.909,2024,MEDIUM,1.0,13.0,1
MAG,4.909,2024,HARD,14.0,49.0,1
MAG,4.909,2024,MEDIUM,1.0,37.0,1
RIC,4.909,2024,HARD,38.0,25.0,1
OCO,4.909,2024,HARD,12.0,51.0,1
OCO,4.909,2024,MEDIUM,1.0,25.0,1
ZHO,4.909,2024,HARD,26.0,37.0,1
ZHO,4.909,2024,HARD,1.0,33.0,1
GAS,4.909,2024,MEDIUM,34.0,29.0,1
GAS,4.909,2024,SOFT,1.0,8.0,1
GAS,4.909,2024,HARD,9.0,22.0,1
SAR,4.909,2024,MEDIUM,31.0,32.0,1
SAR,4.909,2024,HARD,1.0,31.0,1
BOT,4.909,2024,MEDIUM,32.0,31.0,1
ALO,4.909,2024,HARD,9.0,54.0,1
ALO,4.909,2024,HARD,8.0,34.0,1
ALO,4.909,2024,MEDIUM,41.0,20.0,1
ALB,4.909,2024,MEDIUM,10.0,19.0,1
HAM,3.337,2024,HARD,53.0,27.0,1
TSU,3.337,2024,HARD,52.0,28.0,1
BOT,3.337,2024,MEDIUM,2.0,14.0,1
STR,3.337,2024,MEDIUM,2.0,42.0,1
SAR,3.337,2024,SOFT,49.0,28.0,1
ZHO,3.337,2024,MEDIUM,58.0,19.0,1
GAS,4.361,2024,MEDIUM,46.0,25.0,1
PER,4.361,2024,HARD,41.0,30.0,1
LEC,4.361,2024,HARD,45.0,26.0,1
SAR,4.361,2024,HARD,45.0,27.0,1
MAG,4.361,2024,MEDIUM,42.0,13.0,1
TSU,4.361,2024,MEDIUM,55.0,16.0,1
ALB,4.361,2024,MEDIUM,45.0,26.0,1
HUL,4.361,2024,MEDIUM,53.0,17.0,1
RIC,4.361,2024,MEDIUM,45.0,26.0,1
OCO,4.361,2024,MEDIUM,44.0,28.0,1
NOR,4.361,2024,MEDIUM,45.0,26.0,1
HAM,4.361,2024,MEDIUM,48.0,23.0,1
BOT,4.361,2024,MEDIUM,55.0,16.0,1
PIA,4.361,2024,MEDIUM,43.0,28.0,1
VER,4.657,2024,SOFT,1.0,20.0,1
VER,4.657,2024,MEDIUM,18.0,27.0,1
NOR,4.657,2024,SOFT,45.0,22.0,1
NOR,4.657,2024,SOFT,1.0,23.0,1
NOR,4.657,2024,MEDIUM,24.0,24.0,1
HAM,4.657,2024,SOFT,48.0,22.0,1
HAM,4.657,2024,SOFT,1.0,19.0,1
HAM,4.657,2024,MEDIUM,17.0,27.0,1
RUS,4.657,2024,SOFT,44.0,26.0,1
RUS,4.657,2024,SOFT,1.0,18.0,1
RUS,4.657,2024,MEDIUM,16.0,21.0,1
LEC,4.657,2024,HARD,37.0,30.0,1
LEC,4.657,2024,SOFT,1.0,24.0,1
LEC,4.657,2024,MEDIUM,25.0,23.0,1
SAI,4.657,2024,SOFT,48.0,22.0,1
SAI,4.657,2024,SOFT,1.0,15.0,1
SAI,4.657,2024,MEDIUM,16.0,21.0,1
PIA,4.657,2024,HARD,37.0,30.0,1
PIA,4.657,2024,SOFT,1.0,24.0,1
PIA,4.657,2024,MEDIUM,22.0,25.0,1
PER,4.657,2024,SOFT,47.0,23.0,1
PER,4.657,2024,SOFT,1.0,16.0,1
PER,4.657,2024,SOFT,14.0,21.0,1
PER,4.657,2024,MEDIUM,32.0,18.0,1
GAS,4.657,2024,SOFT,50.0,20.0,1
GAS,4.657,2024,SOFT,1.0,17.0,1
GAS,4.657,2024,MEDIUM,15.0,24.0,1
OCO,4.657,2024,HARD,39.0,28.0,1
OCO,4.657,2024,SOFT,1.0,16.0,1
OCO,4.657,2024,MEDIUM,14.0,24.0,1
HUL,4.657,2024,HARD,38.0,29.0,1
HUL,4.657,2024,SOFT,1.0,12.0,1
HUL,4.657,2024,MEDIUM,13.0,26.0,1
ALO,4.657,2024,HARD,39.0,28.0,1
ALO,4.657,2024,SOFT,1.0,19.0,1
ALO,4.657,2024,MEDIUM,20.0,27.0,1
ZHO,4.657,2024,HARD,46.0,21.0,1
ZHO,4.657,2024,SOFT,1.0,9.0,1
ZHO,4.657,2024,MEDIUM,10.0,32.0,1
STR,4.657,2024,HARD,42.0,24.0,1
STR,4.657,2024,SOFT,1.0,17.0,1
STR,4.657,2024,MEDIUM,18.0,21.0,1
RIC,4.657,2024,HARD,38.0,29.0,1
RIC,4.657,2024,SOFT,1.0,16.0,1
RIC,4.657,2024,MEDIUM,17.0,26.0,1
BOT,4.657,2024,HARD,43.0,23.0,1
BOT,4.657,2024,SOFT,1.0,11.0,1
BOT,4.657,2024,SOFT,12.0,20.0,1
MAG,4.657,2024,HARD,29.0,37.0,1
MAG,4.657,2024,SOFT,1.0,10.0,1
MAG,4.657,2024,MEDIUM,11.0,19.0,1
ALB,4.657,2024,HARD,30.0,36.0,1
ALB,4.657,2024,MEDIUM,1.0,18.0,1
ALB,4.657,2024,SOFT,19.0,25.0,1
TSU,4.657,2024,SOFT,44.0,22.0,1
TSU,4.657,2024,SOFT,1.0,9.0,1
TSU,4.657,2024,MEDIUM,10.0,18.0,1
SAR,4.657,2024,SOFT,45.0,21.0,1
SAR,4.657,2024,SOFT,1.0,14.0,1
SAR,4.657,2024,MEDIUM,15.0,20.0,1
RUS,4.326,2024,MEDIUM,1.0,22.0,1
RUS,4.326,2024,MEDIUM,23.0,24.0,1
PIA,4.326,2024,HARD,47.0,25.0,1
PIA,4.326,2024,MEDIUM,1.0,25.0,1
PIA,4.326,2024,HARD,26.0,26.0,1
SAI,4.326,2024,MEDIUM,52.0,20.0,1
SAI,4.326,2024,MEDIUM,1.0,22.0,1
SAI,4.326,2024,HARD,23.0,25.0,1
HAM,4.326,2024,MEDIUM,48.0,24.0,1
HAM,4.326,2024,MEDIUM,1.0,21.0,1
HAM,4.326,2024,HARD,22.0,32.0,1
VER,4.326,2024,MEDIUM,54.0,18.0,1
VER,4.326,2024,MEDIUM,1.0,23.0,1
VER,4.326,2024,HARD,24.0,28.0,1
VER,4.326,2024,MEDIUM,52.0,16.0,1
HUL,4.326,2024,SOFT,65.0,10.0,1
HUL,4.326,2024,HARD,12.0,28.0,1
PER,4.326,2024,HARD,40.0,32.0,1
PER,4.326,2024,MEDIUM,1.0,21.0,1
PER,4.326,2024,HARD,22.0,30.0,1
MAG,4.326,2024,MEDIUM,52.0,25.0,1
MAG,4.326,2024,HARD,11.0,28.0,1
RIC,4.326,2024,HARD,39.0,33.0,1
RIC,4.326,2024,HARD,11.0,27.0,1
GAS,4.326,2024,HARD,38.0,34.0,1
GAS,4.326,2024,MEDIUM,1.0,20.0,1
GAS,4.326,2024,HARD,21.0,22.0,1
LEC,4.326,2024,MEDIUM,43.0,29.0,1
LEC,4.326,2024,MEDIUM,17.0,17.0,1
LEC,4.326,2024,MEDIUM,34.0,19.0,1
OCO,4.326,2024,MEDIUM,52.0,26.0,1
OCO,4.326,2024,MEDIUM,1.0,19.0,1
OCO,4.326,2024,HARD,20.0,24.0,1
STR,4.326,2024,MEDIUM,44.0,28.0,1
STR,4.326,2024,MEDIUM,1.0,21.0,1
STR,4.326,2024,MEDIUM,21.0,23.0,1
TSU,4.326,2024,HARD,44.0,28.0,1
TSU,4.326,2024,MEDIUM,1.0,21.0,1
TSU,4.326,2024,HARD,22.0,23.0,1
ALB,4.326,2024,HARD,45.0,26.0,1
ALB,4.326,2024,MEDIUM,1.0,12.0,1
ALB,4.326,2024,HARD,13.0,27.0,1
BOT,4.326,2024,HARD,40.0,31.0,1
BOT,4.326,2024,MEDIUM,1.0,19.0,1
BOT,4.326,2024,HARD,20.0,23.0,1
ZHO,4.326,2024,HARD,43.0,28.0,1
ZHO,4.326,2024,HARD,1.0,28.0,1
ZHO,4.326,2024,MEDIUM,29.0,23.0,1
ALO,4.326,2024,HARD,52.0,19.0,1
ALO,4.326,2024,MEDIUM,1.0,14.0,1
ALO,4.326,2024,MEDIUM,12.0,25.0,1
ALO,4.326,2024,HARD,36.0,34.0,1
SAR,4.326,2024,MEDIUM,2.0,25.0,1
SAR,4.326,2024,HARD,21.0,29.0,1
NOR,4.326,2024,MEDIUM,50.0,21.0,1
NOR,4.326,2024,MEDIUM,1.0,23.0,1
NOR,4.326,2024,HARD,24.0,28.0,1
HAM,5.891,2024,MEDIUM,1.0,27.0,1
VER,5.891,2024,SOFT,39.0,15.0,1
VER,5.891,2024,MEDIUM,1.0,26.0,1
NOR,5.891,2024,MEDIUM,1.0,27.0,1
PIA,5.891,2024,SOFT,40.0,15.0,1
PIA,5.891,2024,MEDIUM,1.0,28.0,1
SAI,5.891,2024,MEDIUM,39.0,14.0,1
SAI,5.891,2024,MEDIUM,1.0,26.0,1
HUL,5.891,2024,MEDIUM,1.0,26.0,1
STR,5.891,2024,SOFT,40.0,16.0,1
STR,5.891,2024,MEDIUM,1.0,26.0,1
ALO,5.891,2024,MEDIUM,40.0,13.0,1
ALO,5.891,2024,MEDIUM,1.0,27.0,1
ALB,5.891,2024,MEDIUM,39.0,14.0,1
ALB,5.891,2024,MEDIUM,1.0,27.0,1
TSU,5.891,2024,MEDIUM,39.0,14.0,1
TSU,5.891,2024,MEDIUM,1.0,27.0,1
SAR,5.891,2024,SOFT,39.0,14.0,1
SAR,5.891,2024,MEDIUM,1.0,27.0,1
MAG,5.891,2024,SOFT,39.0,14.0,1
MAG,5.891,2024,MEDIUM,1.0,27.0,1
RIC,5.891,2024,SOFT,38.0,15.0,1
RIC,5.891,2024,MEDIUM,1.0,26.0,1
LEC,5.891,2024,SOFT,38.0,14.0,1
LEC,5.891,2024,MEDIUM,1.0,19.0,1
BOT,5.891,2024,SOFT,38.0,14.0,1
BOT,5.891,2024,MEDIUM,1.0,26.0,1
OCO,5.891,2024,SOFT,38.0,14.0,1
OCO,5.891,2024,SOFT,1.0,19.0,1
PER,5.891,2024,MEDIUM,39.0,12.0,1
PER,5.891,2024,HARD,1.0,19.0,1
ZHO,5.891,2024,SOFT,1.0,12.0,1
RUS,5.891,2024,SOFT,38.0,14.0,1
RUS,5.891,2024,MEDIUM,1.0,27.0,1
PIA,4.381,2024,MEDIUM,1.0,18.0,1
PIA,4.381,2024,HARD,19.0,30.0,1
NOR,4.381,2024,MEDIUM,48.0,24.0,1
NOR,4.381,2024,MEDIUM,1.0,17.0,1
NOR,4.381,2024,HARD,18.0,29.0,1
HAM,4.381,2024,MEDIUM,46.0,26.0,1
HAM,4.381,2024,MEDIUM,1.0,16.0,1
HAM,4.381,2024,HARD,17.0,24.0,1
LEC,4.381,2024,HARD,41.0,30.0,1
LEC,4.381,2024,MEDIUM,1.0,23.0,1
VER,4.381,2024,MEDIUM,41.0,30.0,1
VER,4.381,2024,MEDIUM,1.0,21.0,1
VER,4.381,2024,HARD,22.0,28.0,1
SAI,4.381,2024,MEDIUM,50.0,21.0,1
SAI,4.381,2024,MEDIUM,1.0,21.0,1
SAI,4.381,2024,HARD,22.0,26.0,1
PER,4.381,2024,MEDIUM,48.0,23.0,1
PER,4.381,2024,HARD,1.0,28.0,1
PER,4.381,2024,MEDIUM,29.0,19.0,1
RUS,4.381,2024,MEDIUM,48.0,23.0,1
RUS,4.381,2024,HARD,1.0,33.0,1
RUS,4.381,2024,MEDIUM,34.0,20.0,1
TSU,4.381,2024,MEDIUM,1.0,29.0,1
STR,4.381,2024,HARD,30.0,41.0,1
STR,4.381,2024,SOFT,1.0,17.0,1
STR,4.381,2024,MEDIUM,15.0,32.0,1
ALO,4.381,2024,HARD,46.0,26.0,1
ALO,4.381,2024,SOFT,1.0,9.0,1
ALO,4.381,2024,MEDIUM,8.0,31.0,1
RIC,4.381,2024,HARD,38.0,34.0,1
RIC,4.381,2024,HARD,8.0,21.0,1
HUL,4.381,2024,HARD,29.0,41.0,1
HUL,4.381,2024,HARD,3.0,27.0,1
ALB,4.381,2024,HARD,30.0,40.0,1
ALB,4.381,2024,HARD,7.0,23.0,1
MAG,4.381,2024,HARD,30.0,40.0,1
MAG,4.381,2024,HARD,7.0,28.0,1
BOT,4.381,2024,HARD,35.0,35.0,1
BOT,4.381,2024,MEDIUM,1.0,17.0,1
BOT,4.381,2024,HARD,17.0,29.0,1
SAR,4.381,2024,HARD,46.0,24.0,1
SAR,4.381,2024,HARD,9.0,25.0,1
SAR,4.381,2024,HARD,34.0,30.0,1
OCO,4.381,2024,HARD,7.0,24.0,1
OCO,4.381,2024,HARD,31.0,34.0,1
ZHO,4.381,2024,HARD,8.0,29.0,1
GAS,4.381,2024,HARD,37.0,33.0,1
GAS,4.381,2024,HARD,1.0,28.0,1
PIA,7.004,2024,HARD,12.0,19.0,1
LEC,7.004,2024,MEDIUM,1.0,12.0,1
VER,7.004,2024,HARD,26.0,19.0,1
NOR,7.004,2024,MEDIUM,29.0,16.0,1
NOR,7.004,2024,MEDIUM,1.0,15.0,1
SAI,7.004,2024,HARD,1.0,20.0,1
PER,7.004,2024,HARD,22.0,21.0,1
ALO,7.004,2024,MEDIUM,1.0,13.0,1
OCO,7.004,2024,HARD,14.0,31.0,1
OCO,7.004,2024,MEDIUM,1.0,12.0,1
RIC,7.004,2024,SOFT,1.0,8.0,1
RIC,7.004,2024,MEDIUM,9.0,13.0,1
STR,7.004,2024,HARD,22.0,24.0,1
STR,7.004,2024,MEDIUM,1.0,12.0,1
ALB,7.004,2024,HARD,13.0,32.0,1
ALB,7.004,2024,MEDIUM,9.0,15.0,1
GAS,7.004,2024,HARD,24.0,21.0,1
GAS,7.004,2024,HARD,10.0,19.0,1
MAG,7.004,2024,MEDIUM,1.0,17.0,1
BOT,7.004,2024,HARD,18.0,27.0,1
BOT,7.004,2024,HARD,12.0,24.0,1
TSU,7.004,2024,MEDIUM,1.0,15.0,1
SAR,7.004,2024,HARD,16.0,30.0,1
SAR,7.004,2024,MEDIUM,9.0,16.0,1
HUL,7.004,2024,HARD,25.0,20.0,1
ZHO,7.004,2024,MEDIUM,21.0,24.0,1
NOR,4.259,2024,MEDIUM,1.0,28.0,1
VER,4.259,2024,HARD,29.0,44.0,1
VER,4.259,2024,MEDIUM,1.0,27.0,1
LEC,4.259,2024,HARD,28.0,45.0,1
LEC,4.259,2024,MEDIUM,1.0,24.0,1
PIA,4.259,2024,HARD,25.0,48.0,1
PIA,4.259,2024,MEDIUM,1.0,33.0,1
SAI,4.259,2024,HARD,34.0,39.0,1
SAI,4.259,2024,MEDIUM,1.0,30.0,1
PER,4.259,2024,HARD,31.0,42.0,1
PER,4.259,2024,MEDIUM,1.0,29.0,1
RUS,4.259,2024,HARD,30.0,43.0,1
RUS,4.259,2024,MEDIUM,1.0,25.0,1
RUS,4.259,2024,HARD,26.0,29.0,1
HAM,4.259,2024,SOFT,55.0,21.0,1
HAM,4.259,2024,SOFT,1.0,23.0,1
HAM,4.259,2024,HARD,24.0,25.0,1
GAS,4.259,2024,SOFT,49.0,24.0,1
GAS,4.259,2024,MEDIUM,1.0,32.0,1
ALO,4.259,2024,HARD,33.0,39.0,1
ALO,4.259,2024,MEDIUM,1.0,31.0,1
HUL,4.259,2024,HARD,32.0,40.0,1
HUL,4.259,2024,MEDIUM,1.0,14.0,1
RIC,4.259,2024,MEDIUM,1.0,29.0,1
STR,4.259,2024,HARD,30.0,42.0,1
STR,4.259,2024,MEDIUM,1.0,30.0,1
ALB,4.259,2024,HARD,31.0,41.0,1
ALB,4.259,2024,MEDIUM,1.0,12.0,1
ALB,4.259,2024,HARD,13.0,42.0,1
OCO,4.259,2024,MEDIUM,55.0,17.0,1
OCO,4.259,2024,MEDIUM,1.0,30.0,1
SAR,4.259,2024,HARD,31.0,41.0,1
SAR,4.259,2024,MEDIUM,1.0,22.0,1
TSU,4.259,2024,HARD,23.0,49.0,1
TSU,4.259,2024,SOFT,1.0,14.0,1
TSU,4.259,2024,MEDIUM,15.0,18.0,1
MAG,4.259,2024,HARD,33.0,39.0,1
MAG,4.259,2024,HARD,1.0,40.0,1
BOT,4.259,2024,MEDIUM,41.0,31.0,1
BOT,4.259,2024,SOFT,1.0,15.0,1
BOT,4.259,2024,HARD,16.0,28.0,1
ZHO,4.259,2024,MEDIUM,44.0,27.0,1
ZHO,4.259,2024,MEDIUM,1.0,18.0,1
ZHO,4.259,2024,HARD,19.0,33.0,1
LEC,5.793,2024,MEDIUM,1.0,15.0,1
PIA,5.793,2024,HARD,16.0,38.0,1
PIA,5.793,2024,MEDIUM,1.0,16.0,1
PIA,5.793,2024,HARD,17.0,22.0,1
NOR,5.793,2024,MEDIUM,1.0,14.0,1
SAI,5.793,2024,HARD,33.0,21.0,1
SAI,5.793,2024,MEDIUM,1.0,19.0,1
HAM,5.793,2024,HARD,20.0,34.0,1
HAM,5.793,2024,MEDIUM,1.0,15.0,1
HAM,5.793,2024,HARD,16.0,22.0,1
VER,5.793,2024,HARD,1.0,22.0,1
VER,5.793,2024,HARD,23.0,19.0,1
RUS,5.793,2024,MEDIUM,42.0,12.0,1
RUS,5.793,2024,HARD,12.0,22.0,1
PER,5.793,2024,HARD,34.0,20.0,1
PER,5.793,2024,HARD,1.0,23.0,1
ALB,5.793,2024,MEDIUM,36.0,18.0,1
ALB,5.793,2024,MEDIUM,1.0,17.0,1
MAG,5.793,2024,HARD,18.0,36.0,1
MAG,5.793,2024,MEDIUM,1.0,14.0,1
ALO,5.793,2024,HARD,15.0,39.0,1
ALO,5.793,2024,MEDIUM,1.0,13.0,1
ALO,5.793,2024,HARD,13.0,24.0,1
COL,5.793,2024,HARD,36.0,20.0,1
COL,5.793,2024,MEDIUM,1.0,16.0,1
RIC,5.793,2024,HARD,17.0,37.0,1
OCO,5.793,2024,HARD,12.0,43.0,1
OCO,5.793,2024,HARD,1.0,31.0,1
GAS,5.793,2024,MEDIUM,32.0,21.0,1
GAS,5.793,2024,HARD,11.0,20.0,1
BOT,5.793,2024,HARD,31.0,22.0,1
BOT,5.793,2024,HARD,1.0,34.0,1
HUL,5.793,2024,MEDIUM,34.0,20.0,1
HUL,5.793,2024,HARD,6.0,27.0,1
ZHO,5.793,2024,HARD,33.0,20.0,1
ZHO,5.793,2024,MEDIUM,1.0,16.0,1
STR,5.793,2024,HARD,16.0,38.0,1
STR,5.793,2024,HARD,1.0,20.0,1
STR,5.793,2024,HARD,20.0,19.0,1
STR,5.793,2024,MEDIUM,37.0,15.0,1
VER,6.003,2024,MEDIUM,1.0,12.0,1
VER,6.003,2024,HARD,13.0,37.0,1
GAS,6.003,2024,HARD,1.0,50.0,1
PER,6.003,2024,MEDIUM,1.0,13.0,1
ALO,6.003,2024,HARD,14.0,37.0,1
ALO,6.003,2024,MEDIUM,1.0,12.0,1
LEC,6.003,2024,HARD,12.0,41.0,1
LEC,6.003,2024,MEDIUM,1.0,16.0,1
STR,6.003,2024,HARD,17.0,35.0,1
STR,6.003,2024,HARD,2.0,22.0,1
TSU,6.003,2024,HARD,23.0,24.0,1
TSU,6.003,2024,MEDIUM,1.0,13.0,1
ALB,6.003,2024,HARD,1.0,31.0,1
ZHO,6.003,2024,MEDIUM,32.0,20.0,1
ZHO,6.003,2024,HARD,1.0,35.0,1
HUL,6.003,2024,MEDIUM,35.0,18.0,1
HUL,6.003,2024,MEDIUM,1.0,15.0,1
RIC,6.003,2024,HARD,16.0,36.0,1
RIC,6.003,2024,HARD,1.0,50.0,1
OCO,6.003,2024,HARD,1.0,52.0,1
NOR,6.003,2024,HARD,1.0,37.0,1
COL,6.003,2024,MEDIUM,38.0,14.0,1
HAM,6.003,2024,HARD,11.0,41.0,1
HAM,6.003,2024,MEDIUM,1.0,12.0,1
BEA,6.003,2024,HARD,13.0,39.0,1
BEA,6.003,2024,MEDIUM,1.0,14.0,1
SAI,6.003,2024,HARD,15.0,37.0,1
SAI,6.003,2024,MEDIUM,1.0,17.0,1
RUS,6.003,2024,HARD,18.0,33.0,1
RUS,6.003,2024,MEDIUM,1.0,12.0,1
BOT,6.003,2024,HARD,13.0,39.0,1
BOT,6.003,2024,MEDIUM,1.0,12.0,1
PIA,6.003,2024,HARD,12.0,40.0,1
PIA,6.003,2024,MEDIUM,1.0,15.0,1
NOR,4.94,2024,MEDIUM,1.0,30.0,1
VER,4.94,2024,HARD,31.0,32.0,1
VER,4.94,2024,MEDIUM,1.0,29.0,1
PIA,4.94,2024,HARD,30.0,33.0,1
PIA,4.94,2024,MEDIUM,1.0,38.0,1
RUS,4.94,2024,HARD,39.0,24.0,1
RUS,4.94,2024,MEDIUM,1.0,27.0,1
LEC,4.94,2024,HARD,28.0,35.0,1
LEC,4.94,2024,MEDIUM,1.0,36.0,1
HAM,4.94,2024,HARD,37.0,26.0,1
HAM,4.94,2024,SOFT,1.0,19.0,1
SAI,4.94,2024,HARD,18.0,45.0,1
SAI,4.94,2024,MEDIUM,1.0,13.0,1
ALO,4.94,2024,HARD,14.0,49.0,1
ALO,4.94,2024,MEDIUM,1.0,26.0,1
HUL,4.94,2024,HARD,26.0,37.0,1
HUL,4.94,2024,MEDIUM,1.0,29.0,1
PER,4.94,2024,HARD,30.0,32.0,1
PER,4.94,2024,MEDIUM,1.0,28.0,1
COL,4.94,2024,HARD,29.0,33.0,1
COL,4.94,2024,MEDIUM,1.0,29.0,1
TSU,4.94,2024,HARD,30.0,32.0,1
TSU,4.94,2024,MEDIUM,1.0,33.0,1
OCO,4.94,2024,SOFT,34.0,31.0,1
OCO,4.94,2024,MEDIUM,1.0,29.0,1
STR,4.94,2024,HARD,30.0,32.0,1
STR,4.94,2024,HARD,1.0,27.0,1
ZHO,4.94,2024,MEDIUM,27.0,36.0,1
ZHO,4.94,2024,HARD,1.0,34.0,1
BOT,4.94,2024,MEDIUM,35.0,27.0,1
BOT,4.94,2024,HARD,1.0,33.0,1
GAS,4.94,2024,MEDIUM,34.0,28.0,1
GAS,4.94,2024,MEDIUM,1.0,37.0,1
RIC,4.94,2024,SOFT,38.0,24.0,1
RIC,4.94,2024,SOFT,1.0,10.0,1
RIC,4.94,2024,MEDIUM,11.0,36.0,1
RIC,4.94,2024,SOFT,47.0,12.0,1
MAG,4.94,2024,HARD,1.0,28.0,1
MAG,4.94,2024,MEDIUM,29.0,21.0,1
ALB,4.94,2024,SOFT,50.0,8.0,1
VER,5.513,2024,MEDIUM,1.0,25.0,1
GAS,5.513,2024,HARD,26.0,31.0,1
GAS,5.513,2024,MEDIUM,1.0,18.0,1
PER,5.513,2024,HARD,19.0,38.0,1
PER,5.513,2024,MEDIUM,1.0,26.0,1
ALO,5.513,2024,HARD,27.0,30.0,1
ALO,5.513,2024,MEDIUM,1.0,26.0,1
LEC,5.513,2024,HARD,27.0,30.0,1
LEC,5.513,2024,MEDIUM,1.0,26.0,1
STR,5.513,2024,HARD,27.0,30.0,1
STR,5.513,2024,HARD,1.0,28.0,1
MAG,5.513,2024,MEDIUM,28.0,28.0,1
MAG,5.513,2024,MEDIUM,1.0,17.0,1
MAG,5.513,2024,HARD,18.0,21.0,1
TSU,5.513,2024,MEDIUM,39.0,18.0,1
TSU,5.513,2024,MEDIUM,1.0,18.0,1
ALB,5.513,2024,HARD,19.0,37.0,1
ALB,5.513,2024,MEDIUM,4.0,30.0,1
ZHO,5.513,2024,HARD,34.0,22.0,1
ZHO,5.513,2024,MEDIUM,1.0,13.0,1
ZHO,5.513,2024,MEDIUM,14.0,22.0,1
HUL,5.513,2024,HARD,36.0,20.0,1
HUL,5.513,2024,MEDIUM,1.0,27.0,1
LAW,5.513,2024,HARD,28.0,29.0,1
LAW,5.513,2024,HARD,1.0,36.0,1
OCO,5.513,2024,MEDIUM,37.0,20.0,1
OCO,5.513,2024,MEDIUM,1.0,31.0,1
OCO,5.513,2024,HARD,32.0,20.0,1
NOR,5.513,2024,MEDIUM,1.0,31.0,1
COL,5.513,2024,HARD,32.0,25.0,1
COL,5.513,2024,HARD,1.0,39.0,1
HAM,5.513,2024,MEDIUM,40.0,17.0,1
SAI,5.513,2024,MEDIUM,1.0,21.0,1
RUS,5.513,2024,HARD,22.0,35.0,1
RUS,5.513,2024,HARD,1.0,40.0,1
BOT,5.513,2024,MEDIUM,41.0,16.0,1
BOT,5.513,2024,MEDIUM,1.0,15.0,1
PIA,5.513,2024,HARD,16.0,40.0,1
PIA,5.513,2024,MEDIUM,1.0,32.0,1
SAI,4.304,2024,MEDIUM,1.0,32.0,1
NOR,4.304,2024,HARD,33.0,39.0,1
NOR,4.304,2024,MEDIUM,1.0,30.0,1
LEC,4.304,2024,HARD,31.0,41.0,1
LEC,4.304,2024,MEDIUM,1.0,31.0,1
LEC,4.304,2024,HARD,32.0,38.0,1
HAM,4.304,2024,MEDIUM,1.0,28.0,1
RUS,4.304,2024,HARD,29.0,43.0,1
RUS,4.304,2024,MEDIUM,1.0,31.0,1
VER,4.304,2024,HARD,32.0,40.0,1
VER,4.304,2024,MEDIUM,1.0,26.0,1
MAG,4.304,2024,HARD,27.0,45.0,1
MAG,4.304,2024,MEDIUM,1.0,30.0,1
PIA,4.304,2024,HARD,31.0,41.0,1
PIA,4.304,2024,MEDIUM,1.0,39.0,1
HUL,4.304,2024,HARD,40.0,32.0,1
HUL,4.304,2024,MEDIUM,1.0,29.0,1
GAS,4.304,2024,HARD,30.0,41.0,1
GAS,4.304,2024,MEDIUM,1.0,28.0,1
STR,4.304,2024,HARD,29.0,42.0,1
STR,4.304,2024,MEDIUM,1.0,27.0,1
COL,4.304,2024,HARD,27.0,45.0,1
COL,4.304,2024,HARD,1.0,47.0,1
OCO,4.304,2024,MEDIUM,48.0,23.0,1
OCO,4.304,2024,HARD,1.0,48.0,1
BOT,4.304,2024,MEDIUM,49.0,22.0,1
BOT,4.304,2024,HARD,1.0,50.0,1
ZHO,4.304,2024,MEDIUM,50.0,22.0,1
ZHO,4.304,2024,HARD,1.0,44.0,1
LAW,4.304,2024,MEDIUM,44.0,28.0,1
LAW,4.304,2024,HARD,1.0,39.0,1
LAW,4.304,2024,MEDIUM,40.0,26.0,1
PER,4.304,2024,HARD,1.0,20.0,1
PER,4.304,2024,MEDIUM,21.0,23.0,1
PER,4.304,2024,MEDIUM,44.0,25.0,1
ALB,4.304,2024,MEDIUM,1.0,16.0,1
RUS,6.201,2024,MEDIUM,1.0,13.0,1
RUS,6.201,2024,HARD,13.0,21.0,1
HAM,6.201,2024,HARD,33.0,19.0,1
HAM,6.201,2024,MEDIUM,1.0,13.0,1
SAI,6.201,2024,HARD,28.0,24.0,1
LEC,6.201,2024,HARD,29.0,22.0,1
LEC,6.201,2024,HARD,10.0,22.0,1
VER,6.201,2024,HARD,32.0,19.0,1
NOR,6.201,2024,HARD,28.0,23.0,1
NOR,6.201,2024,HARD,10.0,21.0,1
HUL,6.201,2024,HARD,26.0,25.0,1
HUL,6.201,2024,MEDIUM,1.0,14.0,1
HUL,6.201,2024,HARD,15.0,19.0,1
TSU,6.201,2024,HARD,11.0,20.0,1
PER,6.201,2024,HARD,30.0,22.0,1
PER,6.201,2024,MEDIUM,18.0,15.0,1
ALO,6.201,2024,HARD,5.0,21.0,1
MAG,6.201,2024,HARD,25.0,27.0,1
MAG,6.201,2024,MEDIUM,1.0,17.0,1
ZHO,6.201,2024,HARD,18.0,33.0,1
ZHO,6.201,2024,MEDIUM,1.0,12.0,1
ZHO,6.201,2024,HARD,12.0,24.0,1
STR,6.201,2024,HARD,27.0,24.0,1
STR,6.201,2024,HARD,10.0,20.0,1
LAW,6.201,2024,HARD,29.0,23.0,1
LAW,6.201,2024,HARD,12.0,28.0,1
OCO,6.201,2024,MEDIUM,1.0,12.0,1
OCO,6.201,2024,HARD,13.0,33.0,1
BOT,6.201,2024,MEDIUM,18.0,18.0,1
VER,5.419,2024,MEDIUM,1.0,35.0,1
GAS,5.419,2024,HARD,36.0,22.0,1
GAS,5.419,2024,MEDIUM,1.0,35.0,1
PER,5.419,2024,HARD,36.0,22.0,1
PER,5.419,2024,MEDIUM,1.0,35.0,1
ALO,5.419,2024,MEDIUM,1.0,35.0,1
LEC,5.419,2024,MEDIUM,37.0,27.0,1
LEC,5.419,2024,MEDIUM,1.0,36.0,1
STR,5.419,2024,HARD,36.0,22.0,1
MAG,5.419,2024,MEDIUM,1.0,27.0,1
TSU,5.419,2024,HARD,28.0,30.0,1
TSU,5.419,2024,MEDIUM,1.0,35.0,1
ALB,5.419,2024,SOFT,41.0,17.0,1
ALB,5.419,2024,MEDIUM,1.0,35.0,1
ALB,5.419,2024,SOFT,36.0,20.0,1
ZHO,5.419,2024,MEDIUM,1.0,35.0,1
HUL,5.419,2024,HARD,36.0,22.0,1
HUL,5.419,2024,HARD,2.0,30.0,1
LAW,5.419,2024,MEDIUM,1.0,35.0,1
OCO,5.419,2024,SOFT,41.0,17.0,1
NOR,5.419,2024,MEDIUM,1.0,35.0,1
COL,5.419,2024,HARD,36.0,22.0,1
HAM,5.419,2024,MEDIUM,1.0,34.0,1
SAI,5.419,2024,HARD,35.0,23.0,1
SAI,5.419,2024,MEDIUM,1.0,35.0,1
RUS,5.419,2024,HARD,35.0,23.0,1
RUS,5.419,2024,MEDIUM,1.0,24.0,1
BOT,5.419,2024,HARD,36.0,22.0,1
BOT,5.419,2024,MEDIUM,1.0,24.0,1
PIA,5.419,2024,MEDIUM,36.0,30.0,1
PIA,5.419,2024,MEDIUM,1.0,34.0,1
VER,5.281,2024,MEDIUM,1.0,29.0,1
GAS,5.281,2024,HARD,30.0,29.0,1
GAS,5.281,2024,MEDIUM,1.0,14.0,1
PER,5.281,2024,HARD,15.0,44.0,1
ALO,5.281,2024,MEDIUM,1.0,14.0,1
ALO,5.281,2024,HARD,14.0,25.0,1
LEC,5.281,2024,HARD,38.0,22.0,1
LEC,5.281,2024,MEDIUM,1.0,20.0,1
STR,5.281,2024,HARD,21.0,38.0,1
STR,5.281,2024,MEDIUM,1.0,12.0,1
STR,5.281,2024,HARD,12.0,22.0,1
MAG,5.281,2024,HARD,33.0,25.0,1
MAG,5.281,2024,MEDIUM,1.0,12.0,1
MAG,5.281,2024,SOFT,31.0,25.0,1
TSU,5.281,2024,MEDIUM,1.0,22.0,1
ALB,5.281,2024,HARD,23.0,35.0,1
ALB,5.281,2024,MEDIUM,1.0,12.0,1
ZHO,5.281,2024,HARD,13.0,45.0,1
ZHO,5.281,2024,MEDIUM,1.0,12.0,1
ZHO,5.281,2024,HARD,13.0,27.0,1
HUL,5.281,2024,MEDIUM,1.0,13.0,1
LAW,5.281,2024,HARD,14.0,45.0,1
LAW,5.281,2024,MEDIUM,1.0,23.0,1
NOR,5.281,2024,HARD,24.0,33.0,1
NOR,5.281,2024,MEDIUM,1.0,26.0,1
COL,5.281,2024,HARD,27.0,32.0,1
HAM,5.281,2024,HARD,4.0,23.0,1
HAM,5.281,2024,HARD,1.0,34.0,1
SAI,5.281,2024,MEDIUM,35.0,25.0,1
SAI,5.281,2024,MEDIUM,1.0,25.0,1
DOO,5.281,2024,HARD,26.0,33.0,1
DOO,5.281,2024,MEDIUM,1.0,22.0,1
RUS,5.281,2024,HARD,23.0,35.0,1
RUS,5.281,2024,MEDIUM,1.0,27.0,1
BOT,5.281,2024,HARD,27.0,32.0,1
PIA,5.281,2024,HARD,7.0,24.0,1
PIA,5.281,2024,HARD,5.0,28.0,1
VER,5.278,2025,MEDIUM,35.0,12.0,1
TSU,5.278,2025,MEDIUM,34.0,14.0,1
OCO,5.278,2025,MEDIUM,34.0,14.0,1
BOR,5.278,2025,MEDIUM,5.0,40.0,1
BEA,5.278,2025,MEDIUM,5.0,40.0,1
PIA,5.451,2025,MEDIUM,1.0,14.0,1
NOR,5.451,2025,HARD,15.0,42.0,1
NOR,5.451,2025,MEDIUM,1.0,15.0,1
RUS,5.451,2025,HARD,16.0,41.0,1
RUS,5.451,2025,MEDIUM,1.0,14.0,1
VER,5.451,2025,HARD,15.0,42.0,1
VER,5.451,2025,MEDIUM,1.0,13.0,1
OCO,5.451,2025,HARD,14.0,43.0,1
ANT,5.451,2025,HARD,12.0,45.0,1
ANT,5.451,2025,MEDIUM,1.0,12.0,1
ALB,5.451,2025,HARD,13.0,44.0,1
ALB,5.451,2025,MEDIUM,1.0,20.0,1
BEA,5.451,2025,HARD,21.0,36.0,1
BEA,5.451,2025,HARD,1.0,26.0,1
STR,5.451,2025,MEDIUM,27.0,30.0,1
STR,5.451,2025,HARD,1.0,36.0,1
SAI,5.451,2025,MEDIUM,37.0,20.0,1
SAI,5.451,2025,MEDIUM,1.0,17.0,1
HAD,5.451,2025,HARD,18.0,39.0,1
HAD,5.451,2025,MEDIUM,1.0,12.0,1
HAD,5.451,2025,HARD,13.0,21.0,1
LAW,5.451,2025,HARD,34.0,23.0,1
LAW,5.451,2025,MEDIUM,19.0,12.0,1
DOO,5.451,2025,HARD,31.0,26.0,1
BOR,5.451,2025,HARD,12.0,45.0,1
BOR,5.451,2025,HARD,2.0,25.0,1
HUL,5.451,2025,HARD,27.0,29.0,1
HUL,5.451,2025,MEDIUM,1.0,20.0,1
TSU,5.451,2025,HARD,21.0,35.0,1
TSU,5.451,2025,HARD,12.0,24.0,1
ALO,5.451,2025,MEDIUM,47.0,15.0,1
LEC,5.451,2025,MEDIUM,1.0,15.0,1
HAM,5.451,2025,HARD,16.0,41.0,1
HAM,5.451,2025,MEDIUM,1.0,13.0,1
HAM,5.451,2025,HARD,14.0,24.0,1
GAS,5.451,2025,HARD,38.0,19.0,1
VER,5.807,2025,MEDIUM,1.0,21.0,1
NOR,5.807,2025,HARD,22.0,32.0,1
NOR,5.807,2025,MEDIUM,1.0,21.0,1
PIA,5.807,2025,HARD,22.0,32.0,1
PIA,5.807,2025,MEDIUM,1.0,20.0,1
LEC,5.807,2025,HARD,21.0,33.0,1
LEC,5.807,2025,MEDIUM,1.0,21.0,1
RUS,5.807,2025,HARD,22.0,32.0,1
RUS,5.807,2025,MEDIUM,1.0,19.0,1
ANT,5.807,2025,HARD,20.0,34.0,1
ANT,5.807,2025,MEDIUM,1.0,31.0,1
HAM,5.807,2025,HARD,32.0,22.0,1
HAM,5.807,2025,HARD,1.0,30.0,1
HAD,5.807,2025,MEDIUM,31.0,23.0,1
HAD,5.807,2025,MEDIUM,1.0,25.0,1
ALB,5.807,2025,HARD,26.0,28.0,1
ALB,5.807,2025,MEDIUM,1.0,24.0,1
BEA,5.807,2025,HARD,25.0,29.0,1
BEA,5.807,2025,MEDIUM,1.0,23.0,1
ALO,5.807,2025,HARD,24.0,31.0,1
ALO,5.807,2025,MEDIUM,1.0,25.0,1
TSU,5.807,2025,HARD,25.0,30.0,1
TSU,5.807,2025,MEDIUM,1.0,23.0,1
GAS,5.807,2025,HARD,24.0,30.0,1
GAS,5.807,2025,MEDIUM,1.0,24.0,1
SAI,5.807,2025,HARD,25.0,29.0,1
SAI,5.807,2025,MEDIUM,1.0,33.0,1
DOO,5.807,2025,SOFT,34.0,20.0,1
DOO,5.807,2025,SOFT,1.0,15.0,1
HUL,5.807,2025,HARD,16.0,38.0,1
HUL,5.807,2025,MEDIUM,1.0,22.0,1
LAW,5.807,2025,HARD,23.0,31.0,1
LAW,5.807,2025,MEDIUM,1.0,33.0,1
OCO,5.807,2025,SOFT,34.0,20.0,1
OCO,5.807,2025,HARD,1.0,33.0,1
BOR,5.807,2025,MEDIUM,33.0,21.0,1
BOR,5.807,2025,HARD,1.0,31.0,1
STR,5.807,2025,MEDIUM,32.0,22.0,1
STR,5.807,2025,SOFT,1.0,9.0,1
STR,5.807,2025,HARD,10.0,22.0,1
